https://job-boards.greenhouse.io/humeai/jobs/4775962008	2026-04-25	greenhouse-api	AI Researcher	Hume AI	added
https://job-boards.greenhouse.io/humeai/jobs/4948192008	2026-04-25	greenhouse-api	Front-End Engineer	Hume AI	added
https://job-boards.greenhouse.io/humeai/jobs/4856037008	2026-04-25	greenhouse-api	Product Manager, Growth	Hume AI	added
https://job-boards.greenhouse.io/humeai/jobs/5064248008	2026-04-25	greenhouse-api	Senior Platform Engineer	Hume AI	added
https://job-boards.eu.greenhouse.io/polyai/jobs/4796935101	2026-04-25	greenhouse-api	Forward Deployed AI Engineer (Must be PST timezone)	PolyAI	added
https://job-boards.eu.greenhouse.io/polyai/jobs/4822441101	2026-04-25	greenhouse-api	Senior Partner Solutions Engineer	PolyAI	added
https://job-boards.greenhouse.io/intercom/jobs/7583124	2026-04-25	greenhouse-api	Account Executive, Emerging AI Products	Intercom	added
https://job-boards.greenhouse.io/intercom/jobs/7774295	2026-04-25	greenhouse-api	Full-Stack Marketer, Customer Advocacy	Intercom	added
https://job-boards.greenhouse.io/intercom/jobs/7644731	2026-04-25	greenhouse-api	Manager, Solutions Engineering (Mid-Market & Enterprise) 	Intercom	added
https://job-boards.greenhouse.io/intercom/jobs/7763257	2026-04-25	greenhouse-api	Senior Manager, Forward Deployed Engineering	Intercom	added
https://job-boards.greenhouse.io/intercom/jobs/6849119	2026-04-25	greenhouse-api	Solutions Engineer	Intercom	added
https://job-boards.greenhouse.io/intercom/jobs/7624926	2026-04-25	greenhouse-api	Solutions Engineer - LATAM (Portuguese Speaking)	Intercom	added
https://job-boards.greenhouse.io/anthropic/jobs/5116927008	2026-04-25	greenhouse-api	Applied AI Claude Evangelist, Startups	Anthropic	added
https://job-boards.greenhouse.io/anthropic/jobs/5068226008	2026-04-25	greenhouse-api	Applied AI Engineer, Beneficial Deployments	Anthropic	added
https://job-boards.greenhouse.io/anthropic/jobs/5057647008	2026-04-25	greenhouse-api	Applied AI Engineer, Enterprise Tech	Anthropic	added
https://job-boards.greenhouse.io/anthropic/jobs/5111942008	2026-04-25	greenhouse-api	Applied AI Engineer, Life Sciences (Beneficial Deployments)	Anthropic	added
https://job-boards.greenhouse.io/anthropic/jobs/5073277008	2026-04-25	greenhouse-api	Applied AI Engineer, Startups	Anthropic	added
https://job-boards.greenhouse.io/anthropic/jobs/5127289008	2026-04-25	greenhouse-api	Business Systems Analyst, Data Enrichment	Anthropic	added
https://job-boards.greenhouse.io/anthropic/jobs/5097186008	2026-04-25	greenhouse-api	Design Engineer, AI Capability Development (Education Labs)	Anthropic	added
https://job-boards.greenhouse.io/anthropic/jobs/5159608008	2026-04-25	greenhouse-api	Engineering Manager, Agent Prompts & Evals	Anthropic	added
https://job-boards.greenhouse.io/anthropic/jobs/4741104008	2026-04-25	greenhouse-api	Engineering Manager, GPU (ML Accelerator)	Anthropic	added
https://job-boards.greenhouse.io/anthropic/jobs/5140492008	2026-04-25	greenhouse-api	Engineering Manager, Vertical AI Products (Multiple Roles) 	Anthropic	added
https://job-boards.greenhouse.io/anthropic/jobs/5155195008	2026-04-25	greenhouse-api	Finance Systems Integration Engineer	Anthropic	added
https://job-boards.greenhouse.io/anthropic/jobs/4985877008	2026-04-25	greenhouse-api	Forward Deployed Engineer, Applied AI	Anthropic	added
https://job-boards.greenhouse.io/anthropic/jobs/5079562008	2026-04-25	greenhouse-api	Forward Deployed Engineer, Federal Civilian	Anthropic	added
https://job-boards.greenhouse.io/anthropic/jobs/5186067008	2026-04-25	greenhouse-api	Full-Stack Software Engineer, Reinforcement Learning	Anthropic	added
https://job-boards.greenhouse.io/anthropic/jobs/5099753008	2026-04-25	greenhouse-api	Manager, Forward Deployed Engineering	Anthropic	added
https://job-boards.greenhouse.io/anthropic/jobs/5181763008	2026-04-25	greenhouse-api	Manager, Value Transformation	Anthropic	added
https://job-boards.greenhouse.io/anthropic/jobs/4778843008	2026-04-25	greenhouse-api	ML Infrastructure Engineer, Safeguards	Anthropic	added
https://job-boards.greenhouse.io/anthropic/jobs/4949336008	2026-04-25	greenhouse-api	ML/Research Engineer, Safeguards	Anthropic	added
https://job-boards.greenhouse.io/anthropic/jobs/5098025008	2026-04-25	greenhouse-api	Model Quality Software Engineer, Claude Code	Anthropic	added
https://job-boards.greenhouse.io/anthropic/jobs/5191437008	2026-04-25	greenhouse-api	Partner Business Systems & AI Operations Lead	Anthropic	added
https://job-boards.greenhouse.io/anthropic/jobs/5181852008	2026-04-25	greenhouse-api	Product Manager, API Growth	Anthropic	added
https://job-boards.greenhouse.io/anthropic/jobs/4985920008	2026-04-25	greenhouse-api	Product Manager, Claude Code	Anthropic	added
https://job-boards.greenhouse.io/anthropic/jobs/5127559008	2026-04-25	greenhouse-api	Product Manager, Consumer	Anthropic	added
https://job-boards.greenhouse.io/anthropic/jobs/5153773008	2026-04-25	greenhouse-api	Product Manager, Monetization	Anthropic	added
https://job-boards.greenhouse.io/anthropic/jobs/5153924008	2026-04-25	greenhouse-api	Product Manager, Multi-Cloud Growth - Google	Anthropic	added
https://job-boards.greenhouse.io/anthropic/jobs/5107121008	2026-04-25	greenhouse-api	Prompt Engineer, Agent Prompts & Evals	Anthropic	added
https://job-boards.greenhouse.io/anthropic/jobs/5125083008	2026-04-25	greenhouse-api	Research Engineer, AI Observability	Anthropic	added
https://job-boards.greenhouse.io/anthropic/jobs/4938432008	2026-04-25	greenhouse-api	Research Engineer, Pretraining Scaling	Anthropic	added
https://job-boards.greenhouse.io/anthropic/jobs/4613592008	2026-04-25	greenhouse-api	Research Engineer, Production Model Post-Training	Anthropic	added
https://job-boards.greenhouse.io/anthropic/jobs/4616971008	2026-04-25	greenhouse-api	Research Engineer/Research Scientist, Pre-training	Anthropic	added
https://job-boards.greenhouse.io/anthropic/jobs/5139654008	2026-04-25	greenhouse-api	Research Lead, Training Insights	Anthropic	added
https://job-boards.greenhouse.io/anthropic/jobs/5097067008	2026-04-25	greenhouse-api	Research Product Manager, Model Behaviors	Anthropic	added
https://job-boards.greenhouse.io/anthropic/jobs/4595463008	2026-04-25	greenhouse-api	Security Software Engineer, Detection & Response Platform	Anthropic	added
https://job-boards.greenhouse.io/anthropic/jobs/4991194008	2026-04-25	greenhouse-api	Senior Business Systems Analyst, Finance Systems	Anthropic	added
https://job-boards.greenhouse.io/anthropic/jobs/5098565008	2026-04-25	greenhouse-api	Senior Full Stack Engineer, Education	Anthropic	added
https://job-boards.greenhouse.io/anthropic/jobs/5183006008	2026-04-25	greenhouse-api	Senior Product Manager, Education Labs	Anthropic	added
https://job-boards.greenhouse.io/anthropic/jobs/5174743008	2026-04-25	greenhouse-api	Senior Software Engineer, Full-stack	Anthropic	added
https://job-boards.greenhouse.io/anthropic/jobs/5157844008	2026-04-25	greenhouse-api	Senior Software Engineer, Platform	Anthropic	added
https://job-boards.greenhouse.io/anthropic/jobs/4981828008	2026-04-25	greenhouse-api	Senior+ Software Engineer, Research Tools	Anthropic	added
https://job-boards.greenhouse.io/anthropic/jobs/5123039008	2026-04-25	greenhouse-api	Software Engineer, Account Abuse	Anthropic	added
https://job-boards.greenhouse.io/anthropic/jobs/5168829008	2026-04-25	greenhouse-api	Software Engineer, Cloud Inference Safeguards	Anthropic	added
https://job-boards.greenhouse.io/anthropic/jobs/5108982008	2026-04-25	greenhouse-api	Software Engineer, Compute Efficiency	Anthropic	added
https://job-boards.greenhouse.io/anthropic/jobs/5063007008	2026-04-25	greenhouse-api	Software Engineer, Cybersecurity Products	Anthropic	added
https://job-boards.greenhouse.io/anthropic/jobs/4980420008	2026-04-25	greenhouse-api	Software Engineer, Desktop	Anthropic	added
https://job-boards.greenhouse.io/anthropic/jobs/5109273008	2026-04-25	greenhouse-api	Software Engineer, Human Data Interface	Anthropic	added
https://job-boards.greenhouse.io/anthropic/jobs/5111745008	2026-04-25	greenhouse-api	Software Engineer, Inference Deployment	Anthropic	added
https://job-boards.greenhouse.io/anthropic/jobs/5191226008	2026-04-25	greenhouse-api	Software Engineer, Research Data Platform	Anthropic	added
https://job-boards.greenhouse.io/anthropic/jobs/4951844008	2026-04-25	greenhouse-api	Software Engineer, Safeguards	Anthropic	added
https://job-boards.greenhouse.io/anthropic/jobs/5083039008	2026-04-25	greenhouse-api	Software Engineer, Sandboxing	Anthropic	added
https://job-boards.greenhouse.io/anthropic/jobs/5025591008	2026-04-25	greenhouse-api	Software Engineer, Sandboxing (Systems)	Anthropic	added
https://job-boards.greenhouse.io/anthropic/jobs/4673416008	2026-04-25	greenhouse-api	Software Engineer, UI Platform	Anthropic	added
https://job-boards.greenhouse.io/anthropic/jobs/5041290008	2026-04-25	greenhouse-api	Strategic Account Executive, Investment Banking & Capital Markets	Anthropic	added
https://job-boards.greenhouse.io/anthropic/jobs/5041299008	2026-04-25	greenhouse-api	Strategic Account Executive, Retail & Commercial Banking	Anthropic	added
https://job-boards.greenhouse.io/anthropic/jobs/5122119008	2026-04-25	greenhouse-api	Support Operations Specialist, AI Agent Management	Anthropic	added
https://job-boards.greenhouse.io/anthropic/jobs/5149802008	2026-04-25	greenhouse-api	Transformative AI Research Economist, Economic Research 	Anthropic	added
https://job-boards.greenhouse.io/anthropic/jobs/5026097008	2026-04-25	greenhouse-api	UI Software Engineer, Claude.ai Consumer Product 	Anthropic	added
https://job-boards.greenhouse.io/anthropic/jobs/5194810008	2026-04-25	greenhouse-api	Workday Business Systems Analyst, HCM 	Anthropic	added
https://job-boards.eu.greenhouse.io/parloa/jobs/4694390101	2026-04-25	greenhouse-api	Forward Deployed Engineer, DevOps	Parloa	added
https://job-boards.eu.greenhouse.io/parloa/jobs/4799672101	2026-04-25	greenhouse-api	Forward Deployed Engineer, VoIP	Parloa	added
https://job-boards.eu.greenhouse.io/parloa/jobs/4784741101	2026-04-25	greenhouse-api	GSI Partnerships Manager -  (Conversational AI & Agentic AI)	Parloa	added
https://job-boards.eu.greenhouse.io/parloa/jobs/4604587101	2026-04-25	greenhouse-api	Senior/Lead Forward Deployed Engineer - US	Parloa	added
https://job-boards.eu.greenhouse.io/parloa/jobs/4843556101	2026-04-25	greenhouse-api	Software Engineer, GTM	Parloa	added
https://job-boards.greenhouse.io/airtable/jobs/8434287002	2026-04-25	greenhouse-api	AI Analytics Engineer (AI & Analytics Platform)	Airtable	added
https://job-boards.greenhouse.io/airtable/jobs/8470036002	2026-04-25	greenhouse-api	AI Analytics Engineer (Business Analytics)	Airtable	added
https://job-boards.greenhouse.io/airtable/jobs/8434307002	2026-04-25	greenhouse-api	AI Analytics Engineer (Marketing Analytics)	Airtable	added
https://job-boards.greenhouse.io/airtable/jobs/8199012002	2026-04-25	greenhouse-api	Product Manager, AI	Airtable	added
https://job-boards.greenhouse.io/airtable/jobs/8475571002	2026-04-25	greenhouse-api	Product Manager, Funnel & Activation	Airtable	added
https://job-boards.greenhouse.io/airtable/jobs/8245333002	2026-04-25	greenhouse-api	Product Manager, Omni	Airtable	added
https://job-boards.greenhouse.io/airtable/jobs/8350839002	2026-04-25	greenhouse-api	Senior Contracts Manager, Procurement and AI	Airtable	added
https://job-boards.greenhouse.io/airtable/jobs/8442397002	2026-04-25	greenhouse-api	Software Engineer, Compute (8+ YOE)	Airtable	added
https://job-boards.greenhouse.io/airtable/jobs/8124953002	2026-04-25	greenhouse-api	Software Engineer, Data	Airtable	added
https://job-boards.greenhouse.io/airtable/jobs/8400373002	2026-04-25	greenhouse-api	Software Engineer, Infrastructure (2-8 YOE)	Airtable	added
https://job-boards.greenhouse.io/airtable/jobs/8400388002	2026-04-25	greenhouse-api	Software Engineer, Infrastructure (8+ YOE)	Airtable	added
https://job-boards.greenhouse.io/airtable/jobs/8400374002	2026-04-25	greenhouse-api	Software Engineer, Observability	Airtable	added
https://job-boards.greenhouse.io/airtable/jobs/8397515002	2026-04-25	greenhouse-api	Software Engineer, Product Backend (4-8 YOE)	Airtable	added
https://job-boards.greenhouse.io/airtable/jobs/8397618002	2026-04-25	greenhouse-api	Software Engineer, Product Backend (8+ YOE)	Airtable	added
https://job-boards.greenhouse.io/vercel/jobs/5843010004	2026-04-25	greenhouse-api	Anti-Abuse Automation Engineer	Vercel	added
https://job-boards.greenhouse.io/vercel/jobs/5829980004	2026-04-25	greenhouse-api	Engineering Manager, AI Gateway	Vercel	added
https://job-boards.greenhouse.io/vercel/jobs/5872425004	2026-04-25	greenhouse-api	Forward Deployed Engineer, v0	Vercel	added
https://job-boards.greenhouse.io/vercel/jobs/5752684004	2026-04-25	greenhouse-api	Forward-Deployed Engineer 	Vercel	added
https://job-boards.greenhouse.io/vercel/jobs/5777645004	2026-04-25	greenhouse-api	GTM Engineer 	Vercel	added
https://job-boards.greenhouse.io/vercel/jobs/5979660004	2026-04-25	greenhouse-api	Pricing Product Manager	Vercel	added
https://job-boards.greenhouse.io/vercel/jobs/5553789004	2026-04-25	greenhouse-api	Senior Partner Solutions Engineer	Vercel	added
https://job-boards.greenhouse.io/vercel/jobs/5788954004	2026-04-25	greenhouse-api	Senior Software Engineer, Trust & Safety	Vercel	added
https://job-boards.greenhouse.io/vercel/jobs/5704321004	2026-04-25	greenhouse-api	Software Engineer, Agent	Vercel	added
https://job-boards.greenhouse.io/vercel/jobs/5798406004	2026-04-25	greenhouse-api	Software Engineer, AI Gateway	Vercel	added
https://job-boards.greenhouse.io/vercel/jobs/5474915004	2026-04-25	greenhouse-api	Software Engineer, AI SDK	Vercel	added
https://job-boards.greenhouse.io/vercel/jobs/5431123004	2026-04-25	greenhouse-api	Software Engineer, Backend	Vercel	added
https://job-boards.greenhouse.io/vercel/jobs/5179639004	2026-04-25	greenhouse-api	Software Engineer, CDN	Vercel	added
https://job-boards.greenhouse.io/vercel/jobs/5473266004	2026-04-25	greenhouse-api	Software Engineer, CDN Security	Vercel	added
https://job-boards.greenhouse.io/vercel/jobs/5551619004	2026-04-25	greenhouse-api	Software Engineer, Compute	Vercel	added
https://job-boards.greenhouse.io/vercel/jobs/5808568004	2026-04-25	greenhouse-api	Software Engineer, Dashboard	Vercel	added
https://job-boards.greenhouse.io/vercel/jobs/5633880004	2026-04-25	greenhouse-api	Software Engineer, Deployment Infrastructure	Vercel	added
https://job-boards.greenhouse.io/vercel/jobs/5813134004	2026-04-25	greenhouse-api	Software Engineer, Domains	Vercel	added
https://job-boards.greenhouse.io/vercel/jobs/5613601004	2026-04-25	greenhouse-api	Software Engineer, Growth	Vercel	added
https://job-boards.greenhouse.io/vercel/jobs/5661583004	2026-04-25	greenhouse-api	Software Engineer, Lua	Vercel	added
https://job-boards.greenhouse.io/vercel/jobs/5798416004	2026-04-25	greenhouse-api	Software Engineer, Workflows	Vercel	added
https://job-boards.greenhouse.io/arizeai/jobs/5969145004	2026-04-25	greenhouse-api	AI Application Engineer	Arize AI	added
https://job-boards.greenhouse.io/arizeai/jobs/5661972004	2026-04-25	greenhouse-api	AI Engineer, Instrumentation	Arize AI	added
https://job-boards.greenhouse.io/arizeai/jobs/5818115004	2026-04-25	greenhouse-api	AI Product Manager	Arize AI	added
https://job-boards.greenhouse.io/arizeai/jobs/5792327004	2026-04-25	greenhouse-api	AI Sales Engineer, US	Arize AI	added
https://job-boards.greenhouse.io/arizeai/jobs/5797408004	2026-04-25	greenhouse-api	AI Solutions Engineer 	Arize AI	added
https://job-boards.greenhouse.io/arizeai/jobs/5783026004	2026-04-25	greenhouse-api	AI Solutions Manager (San Francisco)	Arize AI	added
https://job-boards.greenhouse.io/arizeai/jobs/5396396004	2026-04-25	greenhouse-api	Senior AI Product Engineer, Backend	Arize AI	added
https://job-boards.greenhouse.io/arizeai/jobs/5396420004	2026-04-25	greenhouse-api	Senior AI Product Engineer, Fullstack	Arize AI	added
https://job-boards.greenhouse.io/runpod/jobs/5173070008	2026-04-25	greenhouse-api	Forward Deployed Engineer APAC	RunPod	added
https://job-boards.greenhouse.io/runpod/jobs/5112001008	2026-04-25	greenhouse-api	Senior Product Manager 	RunPod	added
https://job-boards.greenhouse.io/runpod/jobs/4142227008	2026-04-25	greenhouse-api	Senior Software Engineer (Cloud) 	RunPod	added
https://job-boards.greenhouse.io/runpod/jobs/4785681008	2026-04-25	greenhouse-api	Software Engineer (Full-Stack) 	RunPod	added
https://job-boards.greenhouse.io/runpod/jobs/5020167008	2026-04-25	greenhouse-api	Sr Director of Software Engineering - Product & Platform Delivery	RunPod	added
https://job-boards.greenhouse.io/gleanwork/jobs/4661913005	2026-04-25	greenhouse-api	AI Outcomes Manager, Central	Glean	added
https://job-boards.greenhouse.io/gleanwork/jobs/4661934005	2026-04-25	greenhouse-api	AI Outcomes Manager, East	Glean	added
https://job-boards.greenhouse.io/gleanwork/jobs/4661899005	2026-04-25	greenhouse-api	AI Outcomes Manager, West	Glean	added
https://job-boards.greenhouse.io/gleanwork/jobs/4659409005	2026-04-25	greenhouse-api	Forward Deployed Product Manager	Glean	added
https://job-boards.greenhouse.io/gleanwork/jobs/4659412005	2026-04-25	greenhouse-api	Founding Forward Deployed Engineer	Glean	added
https://job-boards.greenhouse.io/gleanwork/jobs/4598386005	2026-04-25	greenhouse-api	Lead Software Engineer, Product Backend	Glean	added
https://job-boards.greenhouse.io/gleanwork/jobs/4605215005	2026-04-25	greenhouse-api	Machine Learning Engineer, AI Assistant & Autonomous AI Agents	Glean	added
https://job-boards.greenhouse.io/gleanwork/jobs/4632997005	2026-04-25	greenhouse-api	Machine Learning Engineer, Enterprise Brain	Glean	added
https://job-boards.greenhouse.io/gleanwork/jobs/4669417005	2026-04-25	greenhouse-api	Machine Learning Engineer, LLM Evals & Observability 	Glean	added
https://job-boards.greenhouse.io/gleanwork/jobs/4585960005	2026-04-25	greenhouse-api	Manager, AI Outcomes 	Glean	added
https://job-boards.greenhouse.io/gleanwork/jobs/4658698005	2026-04-25	greenhouse-api	Onboarding & Training Lead	Glean	added
https://job-boards.greenhouse.io/gleanwork/jobs/4577381005	2026-04-25	greenhouse-api	Product Designer, AI Products	Glean	added
https://job-boards.greenhouse.io/gleanwork/jobs/4600865005	2026-04-25	greenhouse-api	Product Design Lead, AI Products	Glean	added
https://job-boards.greenhouse.io/gleanwork/jobs/4007711005	2026-04-25	greenhouse-api	Product Manager	Glean	added
https://job-boards.greenhouse.io/gleanwork/jobs/4525297005	2026-04-25	greenhouse-api	Product Manager, Agent Security & Governance	Glean	added
https://job-boards.greenhouse.io/gleanwork/jobs/4525518005	2026-04-25	greenhouse-api	Product Manager, AI Quality	Glean	added
https://job-boards.greenhouse.io/gleanwork/jobs/4482380005	2026-04-25	greenhouse-api	Product Manager, Connectors	Glean	added
https://job-boards.greenhouse.io/gleanwork/jobs/4685389005	2026-04-25	greenhouse-api	Public Sector Solutions Engineer, SLED	Glean	added
https://job-boards.greenhouse.io/gleanwork/jobs/4657520005	2026-04-25	greenhouse-api	Senior Marketing Campaign Manager	Glean	added
https://job-boards.greenhouse.io/gleanwork/jobs/4616929005	2026-04-25	greenhouse-api	Software Engineer, Agentic Runtime 	Glean	added
https://job-boards.greenhouse.io/gleanwork/jobs/4501783005	2026-04-25	greenhouse-api	Software Engineer, AI Infrastructure	Glean	added
https://job-boards.greenhouse.io/gleanwork/jobs/4581643005	2026-04-25	greenhouse-api	Software Engineer, Backend	Glean	added
https://job-boards.greenhouse.io/gleanwork/jobs/4675862005	2026-04-25	greenhouse-api	Software Engineer, Billing & Revenue Platform	Glean	added
https://job-boards.greenhouse.io/gleanwork/jobs/4637208005	2026-04-25	greenhouse-api	Software Engineer, Data Foundations	Glean	added
https://job-boards.greenhouse.io/gleanwork/jobs/4614706005	2026-04-25	greenhouse-api	Software Engineer, Developer Productivity 	Glean	added
https://job-boards.greenhouse.io/gleanwork/jobs/4006733005	2026-04-25	greenhouse-api	Software Engineer, Frontend	Glean	added
https://job-boards.greenhouse.io/gleanwork/jobs/4006734005	2026-04-25	greenhouse-api	Software Engineer, Fullstack	Glean	added
https://job-boards.greenhouse.io/gleanwork/jobs/4659229005	2026-04-25	greenhouse-api	Software Engineer, Insights	Glean	added
https://job-boards.greenhouse.io/gleanwork/jobs/4636739005	2026-04-25	greenhouse-api	Software Engineer, Platform	Glean	added
https://job-boards.greenhouse.io/gleanwork/jobs/4436194005	2026-04-25	greenhouse-api	Software Engineer, Platform Security	Glean	added
https://job-boards.greenhouse.io/gleanwork/jobs/4428090005	2026-04-25	greenhouse-api	Software Engineer, Product Backend	Glean	added
https://job-boards.greenhouse.io/gleanwork/jobs/4592324005	2026-04-25	greenhouse-api	Software Engineer, University Grad	Glean	added
https://job-boards.greenhouse.io/gleanwork/jobs/4620264005	2026-04-25	greenhouse-api	Strategic Solutions Engineer, East	Glean	added
https://job-boards.greenhouse.io/gleanwork/jobs/4677083005	2026-04-25	greenhouse-api	Tech Lead Manager, Agentic Runtime 	Glean	added
https://jobs.ashbyhq.com/bland/804fbd27-027e-4de5-8a6f-77241a65e599	2026-04-25	ashby-api	Customer Engineer	Bland AI	added
https://jobs.ashbyhq.com/bland/823904dd-f958-45c8-8e9a-4d9755cd03f0	2026-04-25	ashby-api	Forward Deployed Engineer	Bland AI	added
https://jobs.ashbyhq.com/bland/681dfcda-f016-4bda-826e-7e813fae0083	2026-04-25	ashby-api	Machine Learning Researcher, Multimodal LLMs	Bland AI	added
https://jobs.ashbyhq.com/vapi/adbc573f-7267-491e-8671-4d5470238aae	2026-04-25	ashby-api	Agent Strategist - SF	Vapi	added
https://jobs.ashbyhq.com/vapi/a69077ea-c968-42ae-bb74-bd782c790211	2026-04-25	ashby-api	Agent Engineer	Vapi	added
https://jobs.ashbyhq.com/vapi/7adb10b2-1234-4e4c-b132-f990a91de048	2026-04-25	ashby-api	Agent Engineer - NY	Vapi	added
https://jobs.ashbyhq.com/vapi/72ec9643-39c2-47ae-b04e-cba4e02b0966	2026-04-25	ashby-api	Agent Strategist - NYC	Vapi	added
https://jobs.ashbyhq.com/elevenlabs/275f43d0-b62d-401d-830c-7c1ac0e688aa	2026-04-25	ashby-api	Enterprise Solutions Engineer - North America	ElevenLabs	added
https://jobs.ashbyhq.com/elevenlabs/6c4c57c1-ec72-42ba-af3a-eb7aebbde2e6	2026-04-25	ashby-api	Forward Deployed Engineer - Software Engineer	ElevenLabs	added
https://jobs.ashbyhq.com/elevenlabs/a3097257-a07a-4a7e-b9fe-b8555c1a0fa7	2026-04-25	ashby-api	Automations Engineer	ElevenLabs	added
https://jobs.ashbyhq.com/elevenlabs/2451b957-0ece-4e73-88e4-4196aac0ba86	2026-04-25	ashby-api	AI Creative Producer - Ads	ElevenLabs	added
https://jobs.ashbyhq.com/deepgram/1395ef4d-883a-4006-85a1-4e7d44623431	2026-04-25	ashby-api	Pre-Sales Solutions Engineer (EST or PST)	Deepgram	added
https://jobs.ashbyhq.com/deepgram/9e9ceef6-e22c-4157-906c-91b2da8e22ae	2026-04-25	ashby-api	Enterprise Account Executive - AI Platform (B2B Saas/Restaurant Tech Vertical)	Deepgram	added
https://jobs.ashbyhq.com/deepgram/7ac1a5bc-f305-4f2a-a547-394566a549b2	2026-04-25	ashby-api	Pre-Sales Solutions Engineer - Europe	Deepgram	added
https://jobs.ashbyhq.com/deepgram/1278975c-e0d8-45be-82dd-8d0d1f2774e5	2026-04-25	ashby-api	Senior Pre-Sales Solutions Engineer - India	Deepgram	added
https://jobs.ashbyhq.com/deepgram/0796cc37-96a7-4158-8a00-155962da275a	2026-04-25	ashby-api	Backend Software Engineer - Active Learning Team	Deepgram	added
https://jobs.ashbyhq.com/deepgram/68372d7d-b7a9-439e-a0a7-76690576aba4	2026-04-25	ashby-api	Software Engineer - Deepgram for Restaurants	Deepgram	added
https://jobs.ashbyhq.com/deepgram/1ab00006-f525-4e2d-a1a9-5cab4264637b	2026-04-25	ashby-api	Backend Engineer- Inference Services	Deepgram	added
https://jobs.ashbyhq.com/deepgram/c69aab8a-e1d5-44ac-9113-12671a364015	2026-04-25	ashby-api	Forward Deployed Engineer, Deepgram for Restaurants	Deepgram	added
https://jobs.ashbyhq.com/deepgram/0cad835e-c581-4735-8e8f-b9f1f7107b10	2026-04-25	ashby-api	GTM Engineer	Deepgram	added
https://jobs.ashbyhq.com/deepgram/f424ef6a-c27f-4984-9e77-40a1ad16ae28	2026-04-25	ashby-api	Site Reliability Engineer - AI & ML Infrastructure (Kubernetes, AWS & Terraform)	Deepgram	added
https://jobs.ashbyhq.com/deepgram/7c7064bb-2bf0-4f64-81cc-14afe79a15c1	2026-04-25	ashby-api	Backend Software Engineer - Engine Team (Voice Agent)	Deepgram	added
https://jobs.ashbyhq.com/deepgram/4a873ede-8555-42ae-9ddc-ac89afdd7278	2026-04-25	ashby-api	Software Engineer, Voice Agents / AI - Deepgram for Restaurants	Deepgram	added
https://jobs.ashbyhq.com/deepgram/12a8a8ea-5a58-4640-8974-ae257b2405a4	2026-04-25	ashby-api	AI/ML Talent Researcher	Deepgram	added
https://jobs.ashbyhq.com/deepgram/6ab5816d-bbe1-4383-bb53-675e9f641528	2026-04-25	ashby-api	Solutions Engineer, Enterprise	Deepgram	added
https://jobs.ashbyhq.com/deepgram/b9b27091-1a95-4c31-a304-55c31711887a	2026-04-25	ashby-api	Senior Product Marketing Manager, Text-to-Speech (TTS)	Deepgram	added
https://jobs.ashbyhq.com/deepgram/7ced4c1f-4126-44fe-9cf1-da427a9e4e3e	2026-04-25	ashby-api	ML Ops Infrastructure Engineer	Deepgram	added
https://jobs.ashbyhq.com/deepgram/378e83b4-28c0-4b4e-8cf0-9355712bd06d	2026-04-25	ashby-api	Billing & Analytics Software Engineer	Deepgram	added
https://jobs.ashbyhq.com/deepgram/f904ff60-f5d1-45c7-8fa2-8456c47b4204	2026-04-25	ashby-api	Pre-Sales Solutions Engineer (San Francisco, CA)	Deepgram	added
https://jobs.ashbyhq.com/deepgram/78b98232-e0f1-4635-bb78-0303c691d21e	2026-04-25	ashby-api	Senior AI Community Engineer	Deepgram	added
https://jobs.ashbyhq.com/lindy/a5100dbe-d851-4544-bb4c-0428d77940eb	2026-04-25	ashby-api	Full Stack Software Engineer (Early Career)	Lindy	added
https://jobs.ashbyhq.com/lindy/ff98a7a7-26e8-48dc-8ecd-c9a69c1f390a	2026-04-25	ashby-api	Growth Product Manager	Lindy	added
https://job-boards.eu.greenhouse.io/speechmatics/jobs/4792165101	2026-04-25	greenhouse-api	Forward Deployed Engineer	Speechmatics	added
https://jobs.ashbyhq.com/n8n/788662b7-6b2b-4b07-b466-bf131fd95d08	2026-04-25	ashby-api	Senior Solutions Engineer | East Coast - Remote	n8n	added
https://jobs.ashbyhq.com/n8n/53da0231-00c9-4aae-80e3-16d3a93c3381	2026-04-25	ashby-api	Senior Solutions Engineer | West Coast - Remote	n8n	added
https://jobs.ashbyhq.com/langchain/afb91b9b-46d5-4c9d-aa84-a4f1a3f74263	2026-04-25	ashby-api	Senior Frontend Engineer, AI Observability & Evals Platform 	LangChain	added
https://jobs.ashbyhq.com/langchain/e1263bfe-b638-4019-b4d5-0aacca93b2b3	2026-04-25	ashby-api	Software Engineering Manager, AI Observability & Evals Platform (New York, NY)	LangChain	added
https://jobs.ashbyhq.com/langchain/a03b3e54-495d-4960-aee7-0194a3cef57d	2026-04-25	ashby-api	Senior Fullstack Engineer,  AI Observability & Evals Platform 	LangChain	added
https://jobs.ashbyhq.com/langchain/9037a071-eef2-4083-83f3-d6a5b531aa1d	2026-04-25	ashby-api	Education Engineer, Fullstack	LangChain	added
https://jobs.ashbyhq.com/langchain/ddf92275-1cc3-49c0-9f25-e8ded43b07f6	2026-04-25	ashby-api	FullStack Engineer,  AI Observability & Evals Platform (LangSmith)	LangChain	added
https://jobs.ashbyhq.com/langchain/f07c1416-f126-4925-8606-5dd7c5a90f6f	2026-04-25	ashby-api	Senior Backend Software Engineer, AI Observability & Evals Platform (LangSmith)	LangChain	added
https://jobs.ashbyhq.com/langchain/6f32998b-111c-447b-b593-2b64c7de245d	2026-04-25	ashby-api	Senior Backend Engineer, Enterprise Readiness & Identity	LangChain	added
https://jobs.ashbyhq.com/langchain/c75915ba-a32b-4e17-873d-19b47564170d	2026-04-25	ashby-api	Fullstack Software Engineer, Applied AI	LangChain	added
https://jobs.ashbyhq.com/langchain/7b4aad6c-db46-489d-8426-72217e2923f2	2026-04-25	ashby-api	Senior Fullstack Engineer, Growth & Monetization	LangChain	added
https://jobs.ashbyhq.com/langchain/27af5f96-b287-4bcc-8679-f96686dc7c8d	2026-04-25	ashby-api	Product Manager, LangSmith	LangChain	added
https://jobs.ashbyhq.com/langchain/cb61f821-d8c4-4ec5-940d-3fd83be63a5f	2026-04-25	ashby-api	Senior Backend Engineer, LangSmith Deployments	LangChain	added
https://jobs.ashbyhq.com/langchain/e773649c-4ea7-47c2-9987-74d525474e82	2026-04-25	ashby-api	Deployed Engineer (San Francisco)	LangChain	added
https://jobs.ashbyhq.com/langchain/25d40647-c821-46ff-bf25-bacf21fa38b5	2026-04-25	ashby-api	Deployed Engineer (NYC)	LangChain	added
https://jobs.ashbyhq.com/langchain/937e131f-1055-4f1f-bd8a-f036e4ba0666	2026-04-25	ashby-api	Deployed Engineer (Austin)	LangChain	added
https://jobs.ashbyhq.com/langchain/33f6d721-f75f-4fcc-8df9-e2a13c018e1c	2026-04-25	ashby-api	Software Engineering Manager, AI Observability & Evals Platform (San Francisco, CA)	LangChain	added
https://jobs.ashbyhq.com/langchain/32c6fe13-76e0-49a2-849d-991014416987	2026-04-25	ashby-api	GTM Engineer	LangChain	added
https://jobs.ashbyhq.com/langchain/8b533cc4-6654-44b4-b3fc-004def2a9927	2026-04-25	ashby-api	Deployed Engineer (Dallas)	LangChain	added
https://jobs.ashbyhq.com/langchain/c0706500-4575-4150-88a7-e189ecb96d60	2026-04-25	ashby-api	Product Marketing - Agent Infrastructure	LangChain	added
https://jobs.ashbyhq.com/langchain/b8dead31-212a-4b92-82a7-c42df16ae877	2026-04-25	ashby-api	Customer Engineer (West Coast)	LangChain	added
https://jobs.ashbyhq.com/cohere/1fa01a03-9253-4f62-8f10-0fe368b38cb9	2026-04-25	ashby-api	Applied AI Engineer – Agentic Workflows	Cohere	added
https://jobs.ashbyhq.com/cohere/a8122632-cc3b-4a1a-bd78-4b4b9466cb38	2026-04-25	ashby-api	Product Manager, Safety Research	Cohere	added
https://jobs.ashbyhq.com/cohere/d9d2740b-8869-462d-85df-21c1941bc13d	2026-04-25	ashby-api	Product Manager,  Native Experience & Growth	Cohere	added
https://jobs.ashbyhq.com/attio/d48617ff-be9b-41cd-aff7-3ad2f826ca74	2026-04-25	ashby-api	Solutions Engineer [Pre and Post-Sales] - Mid-Market	Attio	added
https://jobs.ashbyhq.com/attio/ce226be1-8237-41ce-b5ca-97c18d3ca8e6	2026-04-25	ashby-api	Solutions Engineer [Pre and Post-Sales] - SMB	Attio	added
https://job-boards.greenhouse.io/celonis/jobs/7493307003?gh_jid=7493307003	2026-04-25	greenhouse-api	Account Executive - Retail	Celonis	added
https://job-boards.greenhouse.io/celonis/jobs/7627647003?gh_jid=7627647003	2026-04-25	greenhouse-api	Associate Value Engineer (AI-Driven Data Science & Analytics) - Orbit Program	Celonis	added
https://job-boards.greenhouse.io/celonis/jobs/6313846003?gh_jid=6313846003	2026-04-25	greenhouse-api	Head of Industry - Banking 	Celonis	added
https://job-boards.greenhouse.io/celonis/jobs/6313860003?gh_jid=6313860003	2026-04-25	greenhouse-api	Head of Industry - Retail & CPG	Celonis	added
https://jobs.ashbyhq.com/DeepL/4fe3ffe8-da25-4b84-addc-8dd06aba9e2e	2026-04-25	ashby-api	Senior Software Engineer | API	DeepL	added
https://careers.hellofresh.com/global/en/job/7739124?gh_jid=7739124	2026-04-25	greenhouse-api	Account Executive, Retail Media	HelloFresh	added
https://careers.hellofresh.com/global/en/job/7586851?gh_jid=7586851	2026-04-25	greenhouse-api	Area Manager I - Fulfillment	HelloFresh	added
https://careers.hellofresh.com/global/en/job/7283647?gh_jid=7283647	2026-04-25	greenhouse-api	Kitchen Lead	HelloFresh	added
https://careers.hellofresh.com/global/en/job/7586507?gh_jid=7586507	2026-04-25	greenhouse-api	 Kitchen Manager (Executive Sous Chefs)	HelloFresh	added
https://careers.hellofresh.com/global/en/job/7774991?gh_jid=7774991	2026-04-25	greenhouse-api	Maintenance Planner/Scheduler 	HelloFresh	added
https://careers.hellofresh.com/global/en/job/7775847?gh_jid=7775847	2026-04-25	greenhouse-api	Maintenance Technician I 	HelloFresh	added
https://careers.hellofresh.com/global/en/job/7834256?gh_jid=7834256	2026-04-25	greenhouse-api	Maintenance Technician III	HelloFresh	added
https://careers.hellofresh.com/global/en/job/7792121?gh_jid=7792121	2026-04-25	greenhouse-api	Maintenance Technician III 	HelloFresh	added
https://careers.hellofresh.com/global/en/job/7592342?gh_jid=7592342	2026-04-25	greenhouse-api	Operations Trainer 	HelloFresh	added
https://careers.hellofresh.com/global/en/job/7359464?gh_jid=7359464	2026-04-25	greenhouse-api	 Senior Director, Paid Social	HelloFresh	added
https://careers.hellofresh.com/global/en/job/7803266?gh_jid=7803266	2026-04-25	greenhouse-api	[US DC] Associate Maintenance Manager	HelloFresh	added
https://careers.hellofresh.com/global/en/job/7699418?gh_jid=7699418	2026-04-25	greenhouse-api	[US-DC] Director, Fulfillment	HelloFresh	added
https://careers.hellofresh.com/global/en/job/7793334?gh_jid=7793334	2026-04-25	greenhouse-api	[US-HQ] Category Manager, Retail	HelloFresh	added
https://jobs.ashbyhq.com/lakera.ai/a2d6c8d4-e2be-4f18-97b3-bf8ccc90093a	2026-04-25	ashby-api	AI Red Team Delivery Manager (United States)	Lakera	added
https://jobs.ashbyhq.com/lakera.ai/da7230cb-fa5a-4042-abd3-6e79fbbeccbf	2026-04-25	ashby-api	Marketing Operations Manager - AI Security	Lakera	added
https://jobs.ashbyhq.com/lakera.ai/6cac38f5-edb5-4539-8ebb-1775b7c45e6f	2026-04-25	ashby-api	Solutions Engineer, Manager (New York)	Lakera	added
https://www.scandit.com/careers/job-description/?gh_jid=7820556	2026-04-25	greenhouse-api	Senior Solutions Consultant (Enterprise Retail)	Scandit	added
https://jobs.ashbyhq.com/photoroom/1be71f55-fa9a-41db-9457-1323f4053795	2026-04-25	ashby-api	Senior Software Engineer (Rust) 	Photoroom	added
https://job-boards.eu.greenhouse.io/physicsx/jobs/4839390101	2026-04-25	greenhouse-api	Senior Forward Deployed Software Engineer	PhysicsX	added
http://stability.ai/careers?gh_jid=4712826101	2026-04-25	greenhouse-api	Generative AI Inference Engineer	Stability AI	added
http://stability.ai/careers?gh_jid=4770256101	2026-04-25	greenhouse-api	Multimodal Generative AI Researcher	Stability AI	added
http://stability.ai/careers?gh_jid=4712821101	2026-04-25	greenhouse-api	Senior Backend Engineer	Stability AI	added
http://stability.ai/careers?gh_jid=4840171101	2026-04-25	greenhouse-api	Solutions Engineer	Stability AI	added
https://jobs.ashbyhq.com/causaly/3937cb5a-b757-468e-8d5e-d6344c21b626	2026-04-25	ashby-api	RevOps Manager	Causaly	added
https://jobs.ashbyhq.com/legora/c045f902-44b0-4005-8e2f-bd9442b2963b	2026-04-25	ashby-api	Marketing Manager, Campaigns	Legora	added
https://jobs.ashbyhq.com/legora/3fcdc6ba-e35f-470e-823e-7c4563c933a2	2026-04-25	ashby-api	Senior Software Engineer	Legora	added
https://jobs.ashbyhq.com/legora/f3c0712a-f8e2-4dc1-8e83-23da7891a1c2	2026-04-25	ashby-api	Solutions Engineer	Legora	added
https://jobs.ashbyhq.com/legora/0ca8ff9b-0338-4b1f-8113-15a37ddd0b0a	2026-04-25	ashby-api	Director of Data Analytics and Business Systems	Legora	added
https://jobs.lever.co/mistral/b56f6523-b7d2-47a3-abe6-2c793c7672fc	2026-04-25	lever-api	AI Developer Advocate	Mistral AI	added
https://jobs.lever.co/mistral/ebfdc0da-13fd-4ae9-9861-bedb5ff493ea	2026-04-25	lever-api	Applied AI, Technical Lead - Forward Deployed AI Engineer	Mistral AI	added
https://jobs.lever.co/mistral/ca22a1ac-c87e-4463-914a-6753ca79318c	2026-04-25	lever-api	Product Manager, Cloud Partnerships	Mistral AI	added
https://jobs.lever.co/mistral/f2e8ba75-bf5a-4976-bb96-c5d3e0f99366	2026-04-25	lever-api	Software Engineer, Backend (New-York)	Mistral AI	added
https://jobs.lever.co/palantir/ab7e3425-81d5-4705-a7b5-cd60c8a45cdb	2026-04-25	lever-api	Backend Software Engineer - Application Development	Palantir	added
https://jobs.lever.co/palantir/d33e0c31-ac7e-4f57-ba74-36f2df6ae2f5	2026-04-25	lever-api	Backend Software Engineer - Defense	Palantir	added
https://jobs.lever.co/palantir/6fe5515f-f677-4d98-8ac2-1775a425f5e7	2026-04-25	lever-api	Backend Software Engineer - Infrastructure	Palantir	added
https://jobs.lever.co/palantir/fb2d3222-dbd8-4e03-8d39-47b820e9509c	2026-04-25	lever-api	Backend Software Engineer - Infrastructure, Foundations	Palantir	added
https://jobs.lever.co/palantir/636fc05c-d348-4a06-be51-597cb9e07488	2026-04-25	lever-api	Forward Deployed AI Engineer	Palantir	added
https://jobs.lever.co/palantir/4cba9c95-d16f-440d-83e7-2352480f689f	2026-04-25	lever-api	Forward Deployed Enablement Engineer - Customer Success	Palantir	added
https://jobs.lever.co/palantir/b57f08e9-546c-4b9b-8d21-db0ebbc11363	2026-04-25	lever-api	Forward Deployed Infrastructure Engineer - US Government	Palantir	added
https://jobs.lever.co/palantir/689e6869-01bc-40f1-b580-adb33a020065	2026-04-25	lever-api	Forward Deployed Reliability Engineer	Palantir	added
https://jobs.lever.co/palantir/dab396d4-2f14-4796-aac0-0d82883dccf0	2026-04-25	lever-api	Forward Deployed Software Engineer	Palantir	added
https://jobs.lever.co/palantir/e82b696e-a085-4bbf-8bcb-6d2c4f8cf2f7	2026-04-25	lever-api	Forward Deployed Software Engineer - US Government	Palantir	added
https://jobs.lever.co/palantir/13f99633-43b5-4459-8e84-25073f257c18	2026-04-25	lever-api	Forward Deployed Software Engineer - Warp Speed	Palantir	added
https://jobs.lever.co/palantir/2da4be12-bc7a-4950-87db-e9d68d955ff7	2026-04-25	lever-api	Full Stack Software Engineer - Application Development	Palantir	added
https://jobs.lever.co/palantir/7177acab-5c64-4005-9b28-93f33b3e172a	2026-04-25	lever-api	Senior Backend Software Engineer - Application Development	Palantir	added
https://jobs.lever.co/palantir/b5ad6660-8145-4be5-97e2-3799f2912f5b	2026-04-25	lever-api	Senior Backend Software Engineer - Infrastructure	Palantir	added
https://jobs.lever.co/palantir/d2a87a1d-63f4-4dcd-b0d0-f6be91fed4d3	2026-04-25	lever-api	Senior Front End Software Engineer - Application Development	Palantir	added
https://jobs.lever.co/palantir/8a95dba1-b814-4243-be14-eba1df340ceb	2026-04-25	lever-api	Senior Software Engineer - Observability	Palantir	added
https://jobs.lever.co/palantir/55005ee7-4e06-4520-b569-f6e8f26745cb	2026-04-25	lever-api	Senior Software Engineer, Network Infrastructure	Palantir	added
https://jobs.lever.co/palantir/68d690cf-fc8a-4755-9b69-abe13f93d262	2026-04-25	lever-api	Senior Software Engineer, Substrate	Palantir	added
https://jobs.lever.co/palantir/8f308f3e-43d2-49c9-accd-cc7af0f1565c	2026-04-25	lever-api	Software Engineer - Apollo Platform	Palantir	added
https://jobs.lever.co/palantir/832e4652-5088-4e5b-aeac-1e82ec3ebad4	2026-04-25	lever-api	Software Engineer - Apollo Systems	Palantir	added
https://jobs.lever.co/palantir/3c84af24-b7aa-483e-b2c3-e1d83494fe15	2026-04-25	lever-api	Software Engineer - Developer Productivity	Palantir	added
https://jobs.lever.co/palantir/d5d83a8f-cb96-41cc-9612-c7224fbb2fbc	2026-04-25	lever-api	Software Engineer - Environment Platform	Palantir	added
https://jobs.lever.co/palantir/71ed917e-850a-484b-9454-fa66bdf24540	2026-04-25	lever-api	Software Engineer - Frontend Developer Productivity	Palantir	added
https://jobs.lever.co/palantir/c0b60d64-1244-4270-9d55-14115c97c24b	2026-04-25	lever-api	Software Engineer - Mission Manager	Palantir	added
https://jobs.lever.co/palantir/94984771-0704-446c-88c6-91ce748f6d92	2026-04-25	lever-api	Software Engineer, New Grad	Palantir	added
https://jobs.lever.co/palantir/4abf26b4-795c-420a-bf22-1ab98db268b4	2026-04-25	lever-api	Software Engineer, New Grad - Infrastructure	Palantir	added
https://jobs.lever.co/palantir/e1a6c138-98bf-45e2-97f7-2c70371cc38a	2026-04-25	lever-api	Software Engineer, New Grad - Production Infrastructure	Palantir	added
https://jobs.lever.co/palantir/78dbb616-cf3c-489c-9eb2-e6fc9bd9993a	2026-04-25	lever-api	Systems Engineer - Business Systems	Palantir	added
https://jobs.ashbyhq.com/perplexity/44181937-a55e-4c68-a2dc-9a86e0898498	2026-04-25	ashby-api	Engineering Manager (Agents)	Perplexity	added
https://jobs.ashbyhq.com/perplexity/2a87ccbf-82ef-4fc7-b1ed-4dd18b11baf9	2026-04-25	ashby-api	Engineering Manager (AI Inference)	Perplexity	added
https://jobs.ashbyhq.com/perplexity/08d510a4-c217-4967-a035-b5b8147e5c62	2026-04-25	ashby-api	Engineering Manager (AI Research & Model Training)	Perplexity	added
https://jobs.ashbyhq.com/perplexity/f25e190e-0508-4707-b575-fcaed358dc13	2026-04-25	ashby-api	Product Manager (Builder)	Perplexity	added
https://jobs.lever.co/pigment/7203b653-63e5-4584-8cf6-2f9e20b01944	2026-04-25	lever-api	Global Head of RevOps	Pigment	added
https://job-boards.greenhouse.io/hightouch/jobs/5823552004	2026-04-25	greenhouse-api	AI Operations, GTM	Hightouch	added
https://job-boards.greenhouse.io/hightouch/jobs/5618829004	2026-04-25	greenhouse-api	AI Strategy Consultant 	Hightouch	added
https://job-boards.greenhouse.io/hightouch/jobs/5726252004	2026-04-25	greenhouse-api	Enterprise Account Executive -Mountain West	Hightouch	added
https://job-boards.greenhouse.io/hightouch/jobs/5718912004	2026-04-25	greenhouse-api	Forward Deployed Marketing Data Scientist	Hightouch	added
https://job-boards.greenhouse.io/hightouch/jobs/4620430004	2026-04-25	greenhouse-api	 Full Stack Product Engineer	Hightouch	added
https://job-boards.greenhouse.io/hightouch/jobs/5727573004	2026-04-25	greenhouse-api	Head of Solutions Engineering, East	Hightouch	added
https://job-boards.greenhouse.io/hightouch/jobs/5535187004	2026-04-25	greenhouse-api	Mid-Market Solutions Engineer	Hightouch	added
https://job-boards.greenhouse.io/hightouch/jobs/5807949004	2026-04-25	greenhouse-api	Partner Solutions Engineer	Hightouch	added
https://job-boards.greenhouse.io/hightouch/jobs/5970143004	2026-04-25	greenhouse-api	Product Lead, Agentic Ads Platform	Hightouch	added
https://job-boards.greenhouse.io/hightouch/jobs/5834919004	2026-04-25	greenhouse-api	Product Lead, Agentic Personalization	Hightouch	added
https://job-boards.greenhouse.io/hightouch/jobs/5838911004	2026-04-25	greenhouse-api	Senior Enterprise Solutions Engineer, New York	Hightouch	added
https://job-boards.greenhouse.io/hightouch/jobs/5542602004	2026-04-25	greenhouse-api	Software Engineer, AI Agents	Hightouch	added
https://job-boards.greenhouse.io/hightouch/jobs/5809895004	2026-04-25	greenhouse-api	Software Engineer - AI Productivity	Hightouch	added
https://job-boards.greenhouse.io/hightouch/jobs/5426891004	2026-04-25	greenhouse-api	Software Engineer, Control Plane	Hightouch	added
https://job-boards.greenhouse.io/hightouch/jobs/4782625004	2026-04-25	greenhouse-api	Software Engineer, Customer Studio Backend	Hightouch	added
https://job-boards.greenhouse.io/hightouch/jobs/4782632004	2026-04-25	greenhouse-api	Software Engineer, Distributed Systems	Hightouch	added
https://job-boards.greenhouse.io/hightouch/jobs/5698845004	2026-04-25	greenhouse-api	Software Engineer, Journeys	Hightouch	added
https://job-boards.greenhouse.io/hightouch/jobs/5731011004	2026-04-25	greenhouse-api	Software Engineer, Streaming Systems	Hightouch	added
https://jobs.ashbyhq.com/claylabs/232ab8c1-36d7-4114-91c1-0f9c9e4064bc	2026-04-25	ashby-api	Solutions Engineer	Clay Labs	added
https://jobs.ashbyhq.com/claylabs/9b008b26-189b-45cf-83d8-fee117d32874	2026-04-25	ashby-api	Software Engineer, Developer Experience (AI)	Clay Labs	added
https://jobs.ashbyhq.com/claylabs/6dc3e0b7-4846-41cf-9369-6c058b3fcbc2	2026-04-25	ashby-api	Head of Solutions Engineering	Clay Labs	added
https://jobs.ashbyhq.com/claylabs/045ce27d-8693-4402-86f6-2f09932cc777	2026-04-25	ashby-api	Software Engineer, Full Stack	Clay Labs	added
https://jobs.ashbyhq.com/claylabs/248aa0c7-034f-47d3-a57e-ce16736eeab6	2026-04-25	ashby-api	Software Engineer, Backend	Clay Labs	added
https://jobs.ashbyhq.com/claylabs/18a42bd0-5bff-4c8e-a403-fb79aad2c57b	2026-04-25	ashby-api	Software Engineer, Frontend	Clay Labs	added
https://jobs.ashbyhq.com/claylabs/3940ea40-4c11-40f5-b710-d770c88d0f1b	2026-04-25	ashby-api	Software Engineer, Infrastructure	Clay Labs	added
https://jobs.ashbyhq.com/claylabs/749a6373-0979-424a-abc9-9cfc511a5e44	2026-04-25	ashby-api	Product Manager, Enrichment & AI	Clay Labs	added
https://jobs.ashbyhq.com/claylabs/26c9a251-b616-49f7-a489-4d393a02ea5f	2026-04-25	ashby-api	Forward Deployed GTME	Clay Labs	added
https://jobs.ashbyhq.com/claylabs/b17bd432-72e4-4f03-b8db-2fd677c2cfe8	2026-04-25	ashby-api	Web Developer (Growth & Conversion Optimization)	Clay Labs	added
https://jobs.ashbyhq.com/clerk/be4962fc-0c3e-47c3-b77e-71e48d62a376	2026-04-25	ashby-api	Product Manager, Billing	Clerk	added
https://job-boards.greenhouse.io/planetscale/jobs/4009938009	2026-04-25	greenhouse-api	Software Engineer - Information Security	PlanetScale	added
https://job-boards.greenhouse.io/planetscale/jobs/4036240009	2026-04-25	greenhouse-api	Software Engineer - Infrastructure	PlanetScale	added
https://jobs.lever.co/spotify/66492688-d5b0-4cf8-b1a4-4a715157edd9	2026-04-25	lever-api	Backend Engineer  - Data Infrastructure	Spotify	added
https://jobs.lever.co/spotify/31bf7d45-9448-413c-8f61-b69a8f636f82	2026-04-25	lever-api	Backend Engineer - Platform Developer Experience	Spotify	added
https://jobs.lever.co/spotify/52fe2b49-3c85-4479-b1db-2c5ab74cbcfc	2026-04-25	lever-api	Backend Engineer, Music	Spotify	added
https://jobs.lever.co/spotify/454e6013-78ca-4009-9ad4-7597f2045d0a	2026-04-25	lever-api	Backend Engineer, Podcast	Spotify	added
https://jobs.lever.co/spotify/651491f7-cd91-49bd-93f5-eb939344463b	2026-04-25	lever-api	Fullstack Engineer – Platform Developer Experience	Spotify	added
https://jobs.lever.co/spotify/a4a933ce-ab44-4a13-b8ca-8575c97ea40a	2026-04-25	lever-api	Product Manager - Artist Promotion	Spotify	added
https://jobs.lever.co/spotify/3fc02e30-de5b-44e7-9a32-6db0de9cc06d	2026-04-25	lever-api	Product Manager – Music Rights Management	Spotify	added
https://jobs.lever.co/spotify/ab6947fc-adc4-41db-ad11-8fae741ceff0	2026-04-25	lever-api	Senior Backend Engineer - Personalization	Spotify	added
https://jobs.lever.co/spotify/7aa8f2c1-eaa7-445a-a2ed-9e1be3ae2dd4	2026-04-25	lever-api	Senior Fullstack Engineer - Backstage Portal, Data Experience	Spotify	added
https://jobs.lever.co/spotify/b2123f20-234d-439d-8048-0fac5afa4564	2026-04-25	lever-api	Senior Machine Learning Engineer, Personalization, Magenta	Spotify	added
https://jobs.lever.co/spotify/01afc9d0-ca8d-494f-a0c9-e95dc7c9e555	2026-04-25	lever-api	Senior Product Manager - Core Experience	Spotify	added
https://jobs.lever.co/spotify/57378ce5-298e-40bc-aa2f-454962d093fc	2026-04-25	lever-api	Senior Product Manager - Personalization	Spotify	added
https://jobs.ashbyhq.com/workos/f2674bd8-3062-4cf8-98fb-72cb81dc5d39	2026-04-25	ashby-api	Software Engineer - Frontend	WorkOS	added
https://jobs.ashbyhq.com/workos/8317f6f4-3d85-4a9f-bec3-753e4b646fc2	2026-04-25	ashby-api	Product Engineer - AuthKit	WorkOS	added
https://jobs.ashbyhq.com/workos/07a7d732-ac5d-4aab-b4bf-ee89951660c2	2026-04-25	ashby-api	Software Engineer - Productivity	WorkOS	added
https://jobs.ashbyhq.com/workos/dc23fd7b-ee4c-4e6a-959a-209b2eab8b17	2026-04-25	ashby-api	Solutions Engineer	WorkOS	added
https://jobs.ashbyhq.com/workos/afdd651f-c97a-4ba2-88af-c790eb9e1a1d	2026-04-25	ashby-api	GTM - AI Native Sales	WorkOS	added
https://jobs.ashbyhq.com/workos/5e650527-d8dd-413a-9cfb-d7d68143274b	2026-04-25	ashby-api	Software Engineer - Applied AI	WorkOS	added
https://jobs.ashbyhq.com/workos/990c41b1-e3c3-4a75-83c2-ca916899c110	2026-04-25	ashby-api	GTM Engineer	WorkOS	added
https://jobs.ashbyhq.com/workos/5550ddd5-c3eb-459a-aa4d-8b1216346d88	2026-04-25	ashby-api	Product Manager	WorkOS	added
https://jobs.ashbyhq.com/supabase/2ed5e80d-438b-47a5-9efe-12d168b8de81	2026-04-25	ashby-api	Software Engineer - Support Tooling (APAC/AMER)	Supabase	added
https://jobs.ashbyhq.com/supabase/47282e37-34dc-401d-a1cd-dbe85fdd1c22	2026-04-25	ashby-api	Product Manager - Pricing & Billing	Supabase	added
https://jobs.ashbyhq.com/supabase/8a49c4b3-a48b-4d6a-9c3c-36943fcd0dfb	2026-04-25	ashby-api	Software Engineer - Supavisor	Supabase	added
https://jobs.ashbyhq.com/supabase/e569b7f7-fa8f-4139-86f6-4f52b456882d	2026-04-25	ashby-api	Software Engineer (Go) - Auth Product	Supabase	added
https://jobs.ashbyhq.com/supabase/77439e1c-e4eb-483c-aa8e-7686913886e3	2026-04-25	ashby-api	Software Engineer (Go) - Auth	Supabase	added
https://jobs.ashbyhq.com/decagon/dcf9b561-f2fb-422b-88a9-33ce76e96608	2026-04-25	ashby-api	Senior Agent Product Manager	Decagon	added
https://jobs.ashbyhq.com/decagon/b295b323-3d01-4126-94c1-9fc7489ebdf0	2026-04-25	ashby-api	Engineering Manager, Agent Orchestration	Decagon	added
https://jobs.ashbyhq.com/decagon/63dd8fb8-8c5b-44e4-8371-5ad453b56eb8	2026-04-25	ashby-api	Senior Solutions Engineer	Decagon	added
https://jobs.ashbyhq.com/decagon/d790a2a2-958d-4f49-96ed-adbd68d2e6ce	2026-04-25	ashby-api	Product Manager	Decagon	added
https://jobs.ashbyhq.com/decagon/90c40e13-345e-4855-944e-c8f6b462a78e	2026-04-25	ashby-api	Senior Software Engineer, Agents	Decagon	added
https://jobs.ashbyhq.com/decagon/0563a376-0881-48c6-92ae-d1ac4ee58765	2026-04-25	ashby-api	Product Manager, Voice Agent	Decagon	added
https://jobs.ashbyhq.com/decagon/7a22482c-e2d4-45b6-b364-89b63189a4ae	2026-04-25	ashby-api	Senior Software Engineer, Infrastructure	Decagon	added
https://jobs.ashbyhq.com/decagon/c6201aeb-a752-4187-ac7f-654fc86bcdf8	2026-04-25	ashby-api	Director of Solutions Engineering, Strategic	Decagon	added
https://jobs.ashbyhq.com/decagon/75f544ae-7838-4ffa-9e6b-33d7e2b6ea2b	2026-04-25	ashby-api	Senior Software Engineer, Agent Orchestration	Decagon	added
https://jobs.ashbyhq.com/decagon/f7cee7ec-4b60-479d-9ae4-f7d8183f4ef3	2026-04-25	ashby-api	Senior Software Engineer, Voice Agent	Decagon	added
https://jobs.ashbyhq.com/decagon/7ae498c6-750d-43ab-8ad2-ab05b75684eb	2026-04-25	ashby-api	Agent Success Manager	Decagon	added
https://jobs.ashbyhq.com/decagon/7d842205-3324-4dc0-b682-0b29dd0ca8dc	2026-04-25	ashby-api	Agent Success Manager 	Decagon	added
https://jobs.ashbyhq.com/decagon/3aa855e4-164b-4246-aaa0-b602339bfe06	2026-04-25	ashby-api	Director of Customer Engineering, Agent Builder	Decagon	added
https://jobs.ashbyhq.com/decagon/03f56b39-866b-41b7-a805-9cf2e16373b9	2026-04-25	ashby-api	Senior Software Engineer, Enterprise Product	Decagon	added
https://jobs.ashbyhq.com/decagon/8c40fb7a-5f25-4112-a1df-f1c22b81042c	2026-04-25	ashby-api	Customer Engineer, Agent Builder	Decagon	added
https://jobs.ashbyhq.com/decagon/491d67c4-b877-4ddc-895a-496eed6777ed	2026-04-25	ashby-api	Senior Software Engineer, Developer Platform	Decagon	added
https://jobs.ashbyhq.com/decagon/6321ea2f-4e21-4c18-8859-b4ef5489b6fe	2026-04-25	ashby-api	Product Manager, Research	Decagon	added
https://jobs.ashbyhq.com/decagon/6f5de35a-e051-4c30-8acb-b01df8be6f54	2026-04-25	ashby-api	Director of Solutions Engineering, Enterprise West	Decagon	added
https://jobs.ashbyhq.com/decagon/7b1120a8-7973-4966-adb8-ea138a5d8062	2026-04-25	ashby-api	Director of Solutions Engineering, Enterprise East	Decagon	added
https://jobs.ashbyhq.com/decagon/6431a6f9-2ebe-4b68-beb6-200b42aeeca8	2026-04-25	ashby-api	Strategic Solutions Engineer, East	Decagon	added
https://jobs.ashbyhq.com/decagon/78745829-74ee-41cb-836c-480ca7bf9edc	2026-04-25	ashby-api	Strategic Solutions Engineer, West	Decagon	added
https://jobs.ashbyhq.com/decagon/c2ea9bd2-7a20-4fbb-b301-5e587415baeb	2026-04-25	ashby-api	AI Transformation Specialist	Decagon	added
https://jobs.ashbyhq.com/decagon/3f81fb0a-82c4-4e3b-9ea3-d5ebcbb28ca6	2026-04-25	ashby-api	Partnerships, Agent Delivery Lead	Decagon	added
https://jobs.ashbyhq.com/decagon/63cd7634-f67f-4051-be45-515ed4f6a074	2026-04-25	ashby-api	Senior Software Engineer, ML Infrastructure	Decagon	added
https://jobs.ashbyhq.com/decagon/522cc0c1-67ce-4eaa-93cc-16a1a21a2566	2026-04-25	ashby-api	Engineering Manager, AI & Data Infrastructure	Decagon	added
https://jobs.ashbyhq.com/synthesia/680317a4-b421-4bc5-9e21-45bcc4901231	2026-04-25	ashby-api	Strategic Customer Success Manager - German Speaking	Synthesia	added
https://jobs.ashbyhq.com/sierra/b16462e4-ce32-4ce9-b788-0a8f0f096361	2026-04-25	ashby-api	Software Engineer, Product	Sierra	added
https://jobs.ashbyhq.com/sierra/d77487f9-bab3-44c6-be18-744e7125c8b3	2026-04-25	ashby-api	Software Engineer, Platform	Sierra	added
https://jobs.ashbyhq.com/sierra/422cb7bb-ab03-447b-808c-6d72f59bbd2f	2026-04-25	ashby-api	Product Manager, Agent Data Platform	Sierra	added
https://jobs.ashbyhq.com/sierra/effd7cd2-8a28-4bae-a3b8-40720ba09717	2026-04-25	ashby-api	Product Manager, Agent Development	Sierra	added
https://jobs.ashbyhq.com/sierra/e9f5fdb6-91ee-4c55-9230-41ec8865650e	2026-04-25	ashby-api	Software Engineer, Agent	Sierra	added
https://jobs.ashbyhq.com/sierra/f391b10c-7a4a-42b4-9887-dd32b31d6e4e	2026-04-25	ashby-api	Software Engineer, Frontend	Sierra	added
https://jobs.ashbyhq.com/sierra/f4319197-e898-4756-a7f2-af884fe1e0c7	2026-04-25	ashby-api	Software Engineer, Intelligence	Sierra	added
https://jobs.ashbyhq.com/sierra/c25ca18c-dbe6-439d-9a40-ce23b40c323c	2026-04-25	ashby-api	Strategist, Agent Development	Sierra	added
https://jobs.ashbyhq.com/sierra/55e76105-7f8d-42e8-b1d1-120b7b83922e	2026-04-25	ashby-api	Software Engineer, Infrastructure	Sierra	added
https://jobs.ashbyhq.com/sierra/0c892d11-9f19-4b8d-9c2b-409346c52b7a	2026-04-25	ashby-api	Software Engineer, Agent Data Platform	Sierra	added
https://jobs.ashbyhq.com/sierra/3914e14a-2339-4d49-97e8-3a0de793cfb1	2026-04-25	ashby-api	Software Engineer, Site Reliability (SRE)	Sierra	added
https://jobs.ashbyhq.com/sierra/2dee25a0-a0c1-425e-b67a-9d49fc821369	2026-04-25	ashby-api	TLM, Agent	Sierra	added
https://jobs.ashbyhq.com/sierra/1bd9c1e7-a2aa-428d-9a31-1a4eed26391f	2026-04-25	ashby-api	Software Engineer, Voice	Sierra	added
https://jobs.ashbyhq.com/sierra/2fdb200f-c5cf-420c-9997-5e5cea6e1e20	2026-04-25	ashby-api	Software Engineer, Agent Studio	Sierra	added
https://jobs.ashbyhq.com/sierra/000dad19-ab52-4790-9c32-ef72dfd2828b	2026-04-25	ashby-api	Software Engineer, Demo Platform	Sierra	added
https://jobs.ashbyhq.com/sierra/5ed4bbfa-1c27-4242-be7f-b8dc4ce8c25f	2026-04-25	ashby-api	Software Engineer, Insights	Sierra	added
https://jobs.ashbyhq.com/sierra/a0b9444b-2354-4db3-8fe8-87892e2e282e	2026-04-25	ashby-api	Software Engineer, Mobile	Sierra	added
https://jobs.ashbyhq.com/sierra/201c6046-acb5-4fd4-a685-e993f34ec0d1	2026-04-25	ashby-api	Software Engineer, Security	Sierra	added
https://jobs.ashbyhq.com/sierra/fc6eaada-479c-4ff6-be79-7e267b9ed2b4	2026-04-25	ashby-api	Software Engineer, Identity & Enterprise Platform	Sierra	added
https://jobs.ashbyhq.com/sierra/10d2e2f1-6657-40c9-b6fb-6999c76df6cf	2026-04-25	ashby-api	Product Manager, Agent SDK	Sierra	added
https://jobs.ashbyhq.com/sierra/1a0e307f-7f02-4971-820c-a244ad909617	2026-04-25	ashby-api	Agent Experience Designer, Voice (Multilingual)	Sierra	added
https://jobs.ashbyhq.com/sierra/e296cc07-99ca-4ec0-a826-8bdcd168fa15	2026-04-25	ashby-api	Integrated Campaign Marketer	Sierra	added
https://jobs.ashbyhq.com/sierra/2a76bb97-2719-413c-94ad-775553e63abd	2026-04-25	ashby-api	Strategist, Agent Development - Financial Services	Sierra	added
https://jobs.ashbyhq.com/sierra/ebe951fb-8e8d-4bff-a499-e19010018f3b	2026-04-25	ashby-api	Strategist, Agent Development - Healthcare	Sierra	added
https://jobs.ashbyhq.com/sierra/eb3ee157-3d2a-412a-88a2-e2cfc5647a66	2026-04-25	ashby-api	Software Engineer, Agent - Healthcare	Sierra	added
https://jobs.ashbyhq.com/sierra/85e1d0f9-e0d5-4a82-9b30-fa4372e32872	2026-04-25	ashby-api	GTM Operations Analyst, Agent Development	Sierra	added
https://jobs.ashbyhq.com/sierra/65eb2c63-c936-4e8e-87e7-ea080dcdca73	2026-04-25	ashby-api	Product Manager, Agent Development - Healthcare	Sierra	added
https://jobs.ashbyhq.com/sierra/0c66e8ed-1c18-4b64-ad27-a522a866b6e1	2026-04-25	ashby-api	Product Manager, Voice	Sierra	added
https://jobs.ashbyhq.com/sierra/5aaa2eeb-92bc-4b0a-901e-8e091eff819e	2026-04-25	ashby-api	Product Manager, Agent Studio	Sierra	added
https://jobs.ashbyhq.com/sierra/22ba107d-de01-4aa3-98fc-838cccad760c	2026-04-25	ashby-api	Product Manager, Ghostwriter	Sierra	added
https://jobs.ashbyhq.com/sierra/d9c0aa93-e35d-4752-9cef-4c39dcad5365	2026-04-25	ashby-api	Forward Deployed Infrastructure Engineer	Sierra	added
https://jobs.ashbyhq.com/deepgram/8884965c-8a55-414c-ba86-a52d527f5dff	2026-04-25	ashby-api	Solutions Engineer, Enterprise	Deepgram	added
https://jobs.ashbyhq.com/deepgram/a58e4a11-7f98-4686-98e8-2612b52d7bbd	2026-04-25	ashby-api	Forward Deployed Engineer, Deepgram for Restaurants	Deepgram	added
https://jobs.ashbyhq.com/decagon/e31c0645-7325-43b9-9d58-0acc40904240	2026-04-25	ashby-api	Senior Agent Product Manager	Decagon	added
https://jobs.ashbyhq.com/decagon/73ef8e9d-a6b3-4817-ab02-893c4ac72bad	2026-04-25	ashby-api	Senior Solutions Engineer	Decagon	added
https://jobs.ashbyhq.com/decagon/dc7c3b51-5be0-4890-a481-5bb200df48eb	2026-04-25	ashby-api	Senior Software Engineer, Enterprise Product	Decagon	added
https://jobs.ashbyhq.com/decagon/762ee436-6acc-4700-9927-0e73d6dc4123	2026-04-25	ashby-api	Senior Software Engineer, Agent Orchestration	Decagon	added
https://jobs.ashbyhq.com/decagon/a4796fbc-b45c-4e1b-b1d2-1a17c0b4fa7a	2026-04-25	ashby-api	Senior Software Engineer, Infrastructure	Decagon	added
https://jobs.ashbyhq.com/decagon/d62476d8-8fa6-4c34-8e72-d9e2740f891d	2026-04-25	ashby-api	Director of Solutions Engineering, Strategic	Decagon	added
https://jobs.ashbyhq.com/decagon/cd95c25c-fdb7-4816-8a31-6d75e86adbe0	2026-04-25	ashby-api	Senior Software Engineer, Agents	Decagon	added
https://job-boards.greenhouse.io/vercel/jobs/5704320004	2026-04-25	greenhouse-api	Software Engineer, Agent	Vercel	added
https://job-boards.greenhouse.io/vercel/jobs/5430088004	2026-04-25	greenhouse-api	Software Engineer, Backend	Vercel	added
https://job-boards.greenhouse.io/gleanwork/jobs/4661933005	2026-04-25	greenhouse-api	AI Outcomes Manager, East	Glean	added
https://job-boards.greenhouse.io/gleanwork/jobs/4661898005	2026-04-25	greenhouse-api	AI Outcomes Manager, West	Glean	added
https://job-boards.greenhouse.io/gleanwork/jobs/4651950005	2026-04-25	greenhouse-api	Forward Deployed Product Manager	Glean	added
https://job-boards.greenhouse.io/gleanwork/jobs/4651991005	2026-04-25	greenhouse-api	Founding Forward Deployed Engineer	Glean	added
https://job-boards.greenhouse.io/gleanwork/jobs/4667085005	2026-04-25	greenhouse-api	Manager, AI Outcomes 	Glean	added
https://jobs.ashbyhq.com/sierra/569ba29b-de35-4bce-a16c-e27cb9b683ea	2026-04-25	ashby-api	GTM Operations Analyst, Agent Development	Sierra	added
https://jobs.ashbyhq.com/langchain/7bb07844-ffa2-4a76-932e-204ea6a406b5	2026-04-25	ashby-api	Product Marketing - Agent Infrastructure	LangChain	added
https://careers.hellofresh.com/global/en/job/7775857?gh_jid=7775857	2026-04-25	greenhouse-api	[US DC] Associate Maintenance Manager	HelloFresh	added
https://jobs.lever.co/spotify/ee5064af-0116-4ef2-994a-cb8fed580290	2026-04-25	lever-api	Backend Engineer, Music	Spotify	added
https://job-boards.greenhouse.io/gleanwork/jobs/4659407005	2026-04-25	greenhouse-api	Forward Deployed Product Manager	Glean	added
https://job-boards.greenhouse.io/gleanwork/jobs/4651990005	2026-04-25	greenhouse-api	Founding Forward Deployed Engineer	Glean	added
https://job-boards.greenhouse.io/gleanwork/jobs/4612814005	2026-04-25	greenhouse-api	Manager, AI Outcomes 	Glean	added
https://job-boards.greenhouse.io/humeai/jobs/4775962008	2026-04-25	greenhouse-api	AI Researcher	Hume AI	added
https://stripe.com/jobs/search?gh_jid=7532733	2026-04-26	greenhouse-api	Account Executive, AI Sales	Stripe	added
https://stripe.com/jobs/search?gh_jid=7746909	2026-04-26	greenhouse-api	Account Executive, AI Startups - Existing Business	Stripe	added
https://stripe.com/jobs/search?gh_jid=7286376	2026-04-26	greenhouse-api	AI/ML Engineering Manager, Payment Intelligence	Stripe	added
https://stripe.com/jobs/search?gh_jid=7695357	2026-04-26	greenhouse-api	Audit & Regulatory Management Lead, Regulatory Affairs	Stripe	added
https://stripe.com/jobs/search?gh_jid=7737241	2026-04-26	greenhouse-api	Backend / API Engineer, Billing	Stripe	added
https://stripe.com/jobs/search?gh_jid=7579264	2026-04-26	greenhouse-api	Backend / API Engineer, Privacy Products	Stripe	added
https://stripe.com/jobs/search?gh_jid=6567253	2026-04-26	greenhouse-api	Backend Engineer, Core Tech, Canada	Stripe	added
https://stripe.com/jobs/search?gh_jid=7292520	2026-04-26	greenhouse-api	Backend Engineer, Developer Experience & Product Platform 	Stripe	added
https://stripe.com/jobs/search?gh_jid=7235875	2026-04-26	greenhouse-api	Backend Engineer, Privy	Stripe	added
https://stripe.com/jobs/search?gh_jid=7524334	2026-04-26	greenhouse-api	Business Development Manager, Agentic Commerce	Stripe	added
https://stripe.com/jobs/search?gh_jid=7584016	2026-04-26	greenhouse-api	Campaign Operations Manager	Stripe	added
https://stripe.com/jobs/search?gh_jid=7334661	2026-04-26	greenhouse-api	Engineering Manager, Agentic Commerce	Stripe	added
https://stripe.com/jobs/search?gh_jid=7736943	2026-04-26	greenhouse-api	Engineering Manager, Developer Productivity AI	Stripe	added
https://stripe.com/jobs/search?gh_jid=7747638	2026-04-26	greenhouse-api	Forward Deployed AI Accelerator, Marketing	Stripe	added
https://stripe.com/jobs/search?gh_jid=7230452	2026-04-26	greenhouse-api	Forward Deployed Engineer, Privy	Stripe	added
https://stripe.com/jobs/search?gh_jid=7671038	2026-04-26	greenhouse-api	Forward Deployed Engineer, Professional Services	Stripe	added
https://stripe.com/jobs/search?gh_jid=7656562	2026-04-26	greenhouse-api	Frontend Engineer, Privy	Stripe	added
https://stripe.com/jobs/search?gh_jid=6447175	2026-04-26	greenhouse-api	Full Stack Engineer, Link	Stripe	added
https://stripe.com/jobs/search?gh_jid=7091959	2026-04-26	greenhouse-api	Fullstack Engineer, Privy	Stripe	added
https://stripe.com/jobs/search?gh_jid=7583815	2026-04-26	greenhouse-api	Head of Integrated Campaigns, Startups & AI	Stripe	added
https://stripe.com/jobs/search?gh_jid=7584018	2026-04-26	greenhouse-api	Integrated Campaigns Manager, Account-Based Marketing	Stripe	added
https://stripe.com/jobs/search?gh_jid=7587812	2026-04-26	greenhouse-api	Integrated Campaigns Manager, Startups & AI	Stripe	added
https://stripe.com/jobs/search?gh_jid=7079044	2026-04-26	greenhouse-api	Machine Learning Engineer, Payments ML Accelerator	Stripe	added
https://stripe.com/jobs/search?gh_jid=7617049	2026-04-26	greenhouse-api	Paid Digital Marketing Manager	Stripe	added
https://stripe.com/jobs/search?gh_jid=7655023	2026-04-26	greenhouse-api	Product Lead, AI	Stripe	added
https://stripe.com/jobs/search?gh_jid=7561053	2026-04-26	greenhouse-api	Product Manager, Banking as a Service	Stripe	added
https://stripe.com/jobs/search?gh_jid=7561551	2026-04-26	greenhouse-api	Product Manager, Commerce Systems	Stripe	added
https://stripe.com/jobs/search?gh_jid=7812346	2026-04-26	greenhouse-api	Product Manager IC-02	Stripe	added
https://stripe.com/jobs/search?gh_jid=7392697	2026-04-26	greenhouse-api	Product Manager, Link Consumer Product	Stripe	added
https://stripe.com/jobs/search?gh_jid=7737124	2026-04-26	greenhouse-api	Product Manager: New Grad Accelerator	Stripe	added
https://stripe.com/jobs/search?gh_jid=7176530	2026-04-26	greenhouse-api	Product Manager, Payments	Stripe	added
https://stripe.com/jobs/search?gh_jid=6651889	2026-04-26	greenhouse-api	Product Manager, Stripe Infrastructure	Stripe	added
https://stripe.com/jobs/search?gh_jid=7397265	2026-04-26	greenhouse-api	Product Manager, Terminal Device Expansion	Stripe	added
https://stripe.com/jobs/search?gh_jid=7359215	2026-04-26	greenhouse-api	Sales Enablement & Training Specialist	Stripe	added
https://stripe.com/jobs/search?gh_jid=7788088	2026-04-26	greenhouse-api	Software Engineer	Stripe	added
https://stripe.com/jobs/search?gh_jid=7277110	2026-04-26	greenhouse-api	Software Engineer, Bridge	Stripe	added
https://stripe.com/jobs/search?gh_jid=7507904	2026-04-26	greenhouse-api	Software Engineer - Smart Contract, Bridge	Stripe	added
https://stripe.com/jobs/search?gh_jid=7434912	2026-04-26	greenhouse-api	Solutions Engineer, Bridge	Stripe	added
https://stripe.com/jobs/search?gh_jid=7377101	2026-04-26	greenhouse-api	Technical Solutions Engineer	Stripe	added
https://stripe.com/jobs/search?gh_jid=7793069	2026-04-26	greenhouse-api	Treasury Finance AI and Quantitative Analytics	Stripe	added
https://careers.toasttab.com/jobs?gh_jid=7560779	2026-04-26	greenhouse-api	Business Development Manager, Retail	Toast	added
https://careers.toasttab.com/jobs?gh_jid=7731766	2026-04-26	greenhouse-api	Conversational AI UX Designer	Toast	added
https://careers.toasttab.com/jobs?gh_jid=7778656	2026-04-26	greenhouse-api	Director of Retail Engineering	Toast	added
https://careers.toasttab.com/jobs?gh_jid=7746813	2026-04-26	greenhouse-api	GTM Engineer, Marketing Operations AI Innovation	Toast	added
https://careers.toasttab.com/jobs?gh_jid=7550656	2026-04-26	greenhouse-api	Manager, Device Testing and Automation	Toast	added
https://careers.toasttab.com/jobs?gh_jid=7761400	2026-04-26	greenhouse-api	Manager, GTM AI Solutions	Toast	added
https://careers.toasttab.com/jobs?gh_jid=7746962	2026-04-26	greenhouse-api	Product Manager, AI Marketing Agent	Toast	added
https://careers.toasttab.com/jobs?gh_jid=7831630	2026-04-26	greenhouse-api	Senior Compliance Analyst, Retail and Payments	Toast	added
https://careers.toasttab.com/jobs?gh_jid=7716049	2026-04-26	greenhouse-api	Senior Conversational AI UX Designer	Toast	added
https://careers.toasttab.com/jobs?gh_jid=7701507	2026-04-26	greenhouse-api	Senior Fullstack Engineer, New Ventures	Toast	added
https://careers.toasttab.com/jobs?gh_jid=7786312	2026-04-26	greenhouse-api	Senior Product Manager	Toast	added
https://careers.toasttab.com/jobs?gh_jid=7733118	2026-04-26	greenhouse-api	Senior Product Manager, Configuration Platform 	Toast	added
https://careers.toasttab.com/jobs?gh_jid=7746964	2026-04-26	greenhouse-api	Senior Product Manager, Consumer Payments 	Toast	added
https://careers.toasttab.com/jobs?gh_jid=7423665	2026-04-26	greenhouse-api	Senior Product Manager, Core Payments	Toast	added
https://careers.toasttab.com/jobs?gh_jid=7773711	2026-04-26	greenhouse-api	Senior Product Manager, GTM	Toast	added
https://careers.toasttab.com/jobs?gh_jid=7523485	2026-04-26	greenhouse-api	Senior Product Manager, Hardware	Toast	added
https://careers.toasttab.com/jobs?gh_jid=7538761	2026-04-26	greenhouse-api	Senior Product Manager, Networking Platform	Toast	added
https://careers.toasttab.com/jobs?gh_jid=7776222	2026-04-26	greenhouse-api	Senior Product Manager, Revenue Systems	Toast	added
https://careers.toasttab.com/jobs?gh_jid=7599843	2026-04-26	greenhouse-api	Senior Software Engineer (Backend), Payments   	Toast	added
https://careers.toasttab.com/jobs?gh_jid=7587088	2026-04-26	greenhouse-api	Senior Software Engineer, Enterprise	Toast	added
https://careers.toasttab.com/jobs?gh_jid=7731798	2026-04-26	greenhouse-api	Senior Software Engineer, Front End 	Toast	added
https://careers.toasttab.com/jobs?gh_jid=7781930	2026-04-26	greenhouse-api	Senior Software Engineer, Mobile DevOps 	Toast	added
https://careers.toasttab.com/jobs?gh_jid=7592643	2026-04-26	greenhouse-api	Senior Software Engineer, Retail 	Toast	added
https://careers.toasttab.com/jobs?gh_jid=7701541	2026-04-26	greenhouse-api	Senior Software Engineer, Voice AI	Toast	added
https://careers.toasttab.com/jobs?gh_jid=7765938	2026-04-26	greenhouse-api	Software Engineer II (Backend), Payments	Toast	added
https://careers.toasttab.com/jobs?gh_jid=7643460	2026-04-26	greenhouse-api	Software Engineer II, Delivery Services	Toast	added
https://careers.toasttab.com/jobs?gh_jid=7587103	2026-04-26	greenhouse-api	Software Engineer II, Enterprise	Toast	added
https://careers.toasttab.com/jobs?gh_jid=7624357	2026-04-26	greenhouse-api	Territory Account Executive, Retail - Austin: San Antonio (Spanish/Bilingual)	Toast	added
https://careers.toasttab.com/jobs?gh_jid=7815811	2026-04-26	greenhouse-api	Territory Account Executive, Retail - Dallas: Fort Worth	Toast	added
https://careers.toasttab.com/jobs?gh_jid=7639182	2026-04-26	greenhouse-api	Territory Account Executive, Retail - Lafayette, LA/Beaumont, TX	Toast	added
https://careers.toasttab.com/jobs?gh_jid=7769055	2026-04-26	greenhouse-api	Territory Account Executive, Retail - South Texas (Spanish/Bilingual)	Toast	added
https://careers.toasttab.com/jobs?gh_jid=7651993	2026-04-26	greenhouse-api	Territory Account Executive, Retail - Tyler, TX	Toast	added
https://careers.toasttab.com/jobs?gh_jid=7817574	2026-04-26	greenhouse-api	Unily Developer - Backend	Toast	added
https://job-boards.greenhouse.io/affirm/jobs/7709896003	2026-04-26	greenhouse-api	Compliance Lead, Fair Lending	Affirm	added
https://job-boards.greenhouse.io/affirm/jobs/7528825003	2026-04-26	greenhouse-api	Director, Software Engineering	Affirm	added
https://job-boards.greenhouse.io/affirm/jobs/7705605003	2026-04-26	greenhouse-api	Director, Software Engineering (Loans Lifecycle)	Affirm	added
https://job-boards.greenhouse.io/affirm/jobs/7622385003	2026-04-26	greenhouse-api	Director, Software Engineering (Site Reliability Engineering)	Affirm	added
https://job-boards.greenhouse.io/affirm/jobs/7675825003	2026-04-26	greenhouse-api	Enterprise IAM Software Engineer II	Affirm	added
https://job-boards.greenhouse.io/affirm/jobs/7502858003	2026-04-26	greenhouse-api	IT Engineering Manager (Client Platform Engineering) 	Affirm	added
https://job-boards.greenhouse.io/affirm/jobs/7675533003	2026-04-26	greenhouse-api	Manager, Software Engineering (Card Experiences)	Affirm	added
https://job-boards.greenhouse.io/affirm/jobs/7415863003	2026-04-26	greenhouse-api	Manager, Software Engineering (Continuous Integration)	Affirm	added
https://job-boards.greenhouse.io/affirm/jobs/7646759003	2026-04-26	greenhouse-api	Manager, Software Engineering (Fraud)	Affirm	added
https://job-boards.greenhouse.io/affirm/jobs/7622736003	2026-04-26	greenhouse-api	Product Manager II, Consumer Experiences	Affirm	added
https://job-boards.greenhouse.io/affirm/jobs/7671390003	2026-04-26	greenhouse-api	Senior CIAM Software Engineer	Affirm	added
https://job-boards.greenhouse.io/affirm/jobs/7696276003	2026-04-26	greenhouse-api	Senior Machine Learning Engineer (Fraud ML)	Affirm	added
https://job-boards.greenhouse.io/affirm/jobs/7550573003	2026-04-26	greenhouse-api	Senior Manager, Software Engineering (Data & Storage Services)	Affirm	added
https://job-boards.greenhouse.io/affirm/jobs/7599952003	2026-04-26	greenhouse-api	Senior Manager, Software Engineering (Lake Analytics Platform)	Affirm	added
https://job-boards.greenhouse.io/affirm/jobs/7705035003	2026-04-26	greenhouse-api	Senior Manager, Software Engineering (ML Platform)	Affirm	added
https://job-boards.greenhouse.io/affirm/jobs/7620529003	2026-04-26	greenhouse-api	Senior Product Manager, Card Experience	Affirm	added
https://job-boards.greenhouse.io/affirm/jobs/7694938003	2026-04-26	greenhouse-api	Senior Product Manager, Card Servicing	Affirm	added
https://job-boards.greenhouse.io/affirm/jobs/7605852003	2026-04-26	greenhouse-api	Senior Product Manager, Financial Reporting	Affirm	added
https://job-boards.greenhouse.io/affirm/jobs/7615048003	2026-04-26	greenhouse-api	Senior Software Engineer, Backend (Affirm Card)	Affirm	added
https://job-boards.greenhouse.io/affirm/jobs/7511995003	2026-04-26	greenhouse-api	Senior Software Engineer, Backend (Cloud Compute)	Affirm	added
https://job-boards.greenhouse.io/affirm/jobs/6642236003	2026-04-26	greenhouse-api	Senior Software Engineer, Backend (Comms Platform)	Affirm	added
https://job-boards.greenhouse.io/affirm/jobs/7611725003	2026-04-26	greenhouse-api	Senior Software Engineer, Back-end (Fraud)	Affirm	added
https://job-boards.greenhouse.io/affirm/jobs/7491437003	2026-04-26	greenhouse-api	Senior Software Engineer, Backend (Growth Platform)	Affirm	added
https://job-boards.greenhouse.io/affirm/jobs/7636414003	2026-04-26	greenhouse-api	Senior Software Engineer, Backend (Merchant Advocacy)	Affirm	added
https://job-boards.greenhouse.io/affirm/jobs/7651523003	2026-04-26	greenhouse-api	Senior Software Engineer, Backend (Merchant Data Platform EU)	Affirm	added
https://job-boards.greenhouse.io/affirm/jobs/7471143003	2026-04-26	greenhouse-api	Senior Software Engineer, Backend (Merchant Interfaces)	Affirm	added
https://job-boards.greenhouse.io/affirm/jobs/7708921003	2026-04-26	greenhouse-api	Senior Software Engineer, Backend (Mesh Traffic)	Affirm	added
https://job-boards.greenhouse.io/affirm/jobs/7594304003	2026-04-26	greenhouse-api	Senior Software Engineer, Backend (PMI Integrations)	Affirm	added
https://job-boards.greenhouse.io/affirm/jobs/7638235003	2026-04-26	greenhouse-api	Senior Software Engineer, Backend (Streaming Infrastructure)	Affirm	added
https://job-boards.greenhouse.io/affirm/jobs/7687160003	2026-04-26	greenhouse-api	Senior Software Engineer, Backend (Trust Infrastructure)	Affirm	added
https://job-boards.greenhouse.io/affirm/jobs/7663434003	2026-04-26	greenhouse-api	Senior Software Engineer, Fullstack (Consumer Engineering)	Affirm	added
https://job-boards.greenhouse.io/affirm/jobs/7624374003	2026-04-26	greenhouse-api	Senior Software Engineer, Full-Stack (Trust & Safety)	Affirm	added
https://job-boards.greenhouse.io/affirm/jobs/7686804003	2026-04-26	greenhouse-api	Senior Software Engineer, Full Stack (Zero to One Labs)	Affirm	added
https://job-boards.greenhouse.io/affirm/jobs/6922638003	2026-04-26	greenhouse-api	Senior Software engineer (Furnishing Platform)	Affirm	added
https://job-boards.greenhouse.io/affirm/jobs/7673126003	2026-04-26	greenhouse-api	Software Engineer I, Backend (Purchasing Power Experience)	Affirm	added
https://job-boards.greenhouse.io/affirm/jobs/7710972003	2026-04-26	greenhouse-api	Software Engineer I, Back-end (Repayment Scheduling)	Affirm	added
https://job-boards.greenhouse.io/affirm/jobs/7609024003	2026-04-26	greenhouse-api	Software Engineer I, Full Stack (Consumer Engineering)	Affirm	added
https://job-boards.greenhouse.io/affirm/jobs/7609022003	2026-04-26	greenhouse-api	Software Engineer I, Full Stack (Consumer Engineering) 	Affirm	added
https://job-boards.greenhouse.io/affirm/jobs/7685236003	2026-04-26	greenhouse-api	Software Engineer I, Full-Stack (Home and Search Experience)	Affirm	added
https://job-boards.greenhouse.io/affirm/jobs/7629069003	2026-04-26	greenhouse-api	Software Engineer II, Backend (AI Agents)	Affirm	added
https://job-boards.greenhouse.io/affirm/jobs/7666050003	2026-04-26	greenhouse-api	Software Engineer II, Backend (Consumer Authentication)	Affirm	added
https://job-boards.greenhouse.io/affirm/jobs/7597920003	2026-04-26	greenhouse-api	Software Engineer II, Backend (Credit Decisioning) 	Affirm	added
https://job-boards.greenhouse.io/affirm/jobs/7543980003	2026-04-26	greenhouse-api	Software Engineer II, Backend (Identity Decisioning)   	Affirm	added
https://job-boards.greenhouse.io/affirm/jobs/7590373003	2026-04-26	greenhouse-api	Software Engineer II, Backend (PMI Integrations)	Affirm	added
https://job-boards.greenhouse.io/affirm/jobs/7687973003	2026-04-26	greenhouse-api	Software Engineer II, Frontend (Purchasing Integrations)	Affirm	added
https://job-boards.greenhouse.io/affirm/jobs/7618869003	2026-04-26	greenhouse-api	Software Engineer II, Full-Stack (Card Acquisition)	Affirm	added
https://job-boards.greenhouse.io/affirm/jobs/7678887003	2026-04-26	greenhouse-api	Software Engineer II, Full-Stack (Marketplace Performance)	Affirm	added
https://job-boards.greenhouse.io/affirm/jobs/7694294003	2026-04-26	greenhouse-api	Software Engineer II (ML Feature Platform)	Affirm	added
https://job-boards.greenhouse.io/affirm/jobs/7647925003	2026-04-26	greenhouse-api	Software Engineering Apprentice, Full-Stack	Affirm	added
https://job-boards.greenhouse.io/affirm/jobs/7692390003	2026-04-26	greenhouse-api	Software Engineering Manager (Servicing Platform)	Affirm	added
https://job-boards.greenhouse.io/affirm/jobs/7692388003	2026-04-26	greenhouse-api	Software Engineering Manager( Servicing Platform Engineering)	Affirm	added
https://databricks.com/company/careers/open-positions/job?gh_jid=8335860002	2026-04-26	greenhouse-api	AI Engineer - FDE (Forward Deployed Engineer)	Databricks	added
https://databricks.com/company/careers/open-positions/job?gh_jid=8466731002	2026-04-26	greenhouse-api	Learning Product Manager Lead	Databricks	added
https://databricks.com/company/careers/open-positions/job?gh_jid=8457320002	2026-04-26	greenhouse-api	Named Core Account Executive - Retail 	Databricks	added
https://databricks.com/company/careers/open-positions/job?gh_jid=8505897002	2026-04-26	greenhouse-api	Named Enterprise Account Executive  - Retail/CPG	Databricks	added
https://databricks.com/company/careers/open-positions/job?gh_jid=8405831002	2026-04-26	greenhouse-api	Named Hunter Account Executive, Retail	Databricks	added
https://databricks.com/company/careers/open-positions/job?gh_jid=8487145002	2026-04-26	greenhouse-api	Product Marketing Director, AI	Databricks	added
https://databricks.com/company/careers/open-positions/job?gh_jid=7859597002	2026-04-26	greenhouse-api	Senior Applied AI Engineer – ML for Systems & Infrastructure	Databricks	added
https://databricks.com/company/careers/open-positions/job?gh_jid=8490282002	2026-04-26	greenhouse-api	Senior Engineering Manager, AI Runtime	Databricks	added
https://databricks.com/company/careers/open-positions/job?gh_jid=8297797002	2026-04-26	greenhouse-api	Senior GenAI Research Engineer - Optimization and Kernels	Databricks	added
https://databricks.com/company/careers/open-positions/job?gh_jid=6954585002	2026-04-26	greenhouse-api	Senior Machine Learning Engineer - GenAI Platform 	Databricks	added
https://databricks.com/company/careers/open-positions/job?gh_jid=8509230002	2026-04-26	greenhouse-api	Senior Software Engineer - AI Platform (NYC)	Databricks	added
https://databricks.com/company/careers/open-positions/job?gh_jid=8509096002	2026-04-26	greenhouse-api	Senior Software Engineer - AI Product (NYC)	Databricks	added
https://databricks.com/company/careers/open-positions/job?gh_jid=4799387002	2026-04-26	greenhouse-api	Senior Software Engineer - Backend	Databricks	added
https://databricks.com/company/careers/open-positions/job?gh_jid=4513122002	2026-04-26	greenhouse-api	Senior Software Engineer - Distributed Data Systems	Databricks	added
https://databricks.com/company/careers/open-positions/job?gh_jid=5445641002	2026-04-26	greenhouse-api	Senior Software Engineer - Fullstack	Databricks	added
https://databricks.com/company/careers/open-positions/job?gh_jid=8211634002	2026-04-26	greenhouse-api	Senior Software Engineer - Fullstack (NYC)	Databricks	added
https://databricks.com/company/careers/open-positions/job?gh_jid=6318503002	2026-04-26	greenhouse-api	Senior Software Engineer - Infrastructure and Tools	Databricks	added
https://databricks.com/company/careers/open-positions/job?gh_jid=8211648002	2026-04-26	greenhouse-api	Senior Software Engineer, Model Serving	Databricks	added
https://databricks.com/company/careers/open-positions/job?gh_jid=7274459002	2026-04-26	greenhouse-api	Senior Software Engineer - Security 	Databricks	added
https://databricks.com/company/careers/open-positions/job?gh_jid=8025494002	2026-04-26	greenhouse-api	Senior Solutions Engineer	Databricks	added
https://databricks.com/company/careers/open-positions/job?gh_jid=7902935002	2026-04-26	greenhouse-api	Senior Technical Solutions Engineer, Platform	Databricks	added
https://databricks.com/company/careers/open-positions/job?gh_jid=8202670002	2026-04-26	greenhouse-api	Software Engineer - GenAI inference 	Databricks	added
https://databricks.com/company/careers/open-positions/job?gh_jid=7930603002	2026-04-26	greenhouse-api	Sr. Developer Advocate, Databricks AI Agentic Systems	Databricks	added
https://databricks.com/company/careers/open-positions/job?gh_jid=8407921002	2026-04-26	greenhouse-api	Sr. Events Marketing Manager, Data + AI World Tour	Databricks	added
https://databricks.com/company/careers/open-positions/job?gh_jid=8515642002	2026-04-26	greenhouse-api	Sr. Manager, AI Forward Deployed Engineering (FDE)	Databricks	added
https://databricks.com/company/careers/open-positions/job?gh_jid=8491947002	2026-04-26	greenhouse-api	Sr. Manager, Engineering - AI Gateway (LLM Inference)	Databricks	added
https://databricks.com/company/careers/open-positions/job?gh_jid=8429978002	2026-04-26	greenhouse-api	Sr. Product Designer, AI/BI	Databricks	added
https://databricks.com/company/careers/open-positions/job?gh_jid=8200462002	2026-04-26	greenhouse-api	Sr. Product Manager, Compute Platform	Databricks	added
https://databricks.com/company/careers/open-positions/job?gh_jid=8136071002	2026-04-26	greenhouse-api	Sr. Product Manager, Databricks AI	Databricks	added
https://databricks.com/company/careers/open-positions/job?gh_jid=7680573002	2026-04-26	greenhouse-api	Sr. Product Manager, Databricks Free Edition	Databricks	added
https://databricks.com/company/careers/open-positions/job?gh_jid=8326513002	2026-04-26	greenhouse-api	Sr. Product Manager, Databricks Repos	Databricks	added
https://databricks.com/company/careers/open-positions/job?gh_jid=6322654002	2026-04-26	greenhouse-api	Sr. Product Manager, Data Engineering	Databricks	added
https://databricks.com/company/careers/open-positions/job?gh_jid=7863365002	2026-04-26	greenhouse-api	Sr. Product Manager, Data Governance	Databricks	added
https://databricks.com/company/careers/open-positions/job?gh_jid=7924423002	2026-04-26	greenhouse-api	Sr. Product Manager, DBSQL	Databricks	added
https://databricks.com/company/careers/open-positions/job?gh_jid=8387085002	2026-04-26	greenhouse-api	Sr. Product Manager - Technical	Databricks	added
https://databricks.com/company/careers/open-positions/job?gh_jid=8493724002	2026-04-26	greenhouse-api	Sr. Product Marketing Manager, AI	Databricks	added
https://databricks.com/company/careers/open-positions/job?gh_jid=8416951002	2026-04-26	greenhouse-api	Sr Software Engineer- Customer Experience Intelligence (CXI)	Databricks	added
https://databricks.com/company/careers/open-positions/job?gh_jid=8493170002	2026-04-26	greenhouse-api	Sr Software Engineer, Infrastructure	Databricks	added
https://databricks.com/company/careers/open-positions/job?gh_jid=6569772002	2026-04-26	greenhouse-api	Sr. Software Engineer - Performance 	Databricks	added
https://databricks.com/company/careers/open-positions/job?gh_jid=8450209002	2026-04-26	greenhouse-api	Sr. Solutions Engineer	Databricks	added
https://databricks.com/company/careers/open-positions/job?gh_jid=8472164002	2026-04-26	greenhouse-api	Sr. Solutions Engineer - GSI's and FinTech Data	Databricks	added
https://databricks.com/company/careers/open-positions/job?gh_jid=8417647002	2026-04-26	greenhouse-api	Sr. Solutions Engineer - Hunter Team	Databricks	added
https://databricks.com/company/careers/open-positions/job?gh_jid=8389657002	2026-04-26	greenhouse-api	Sr. Solutions Engineer Italy	Databricks	added
https://databricks.com/company/careers/open-positions/job?gh_jid=8415023002	2026-04-26	greenhouse-api	Sr. Solutions Engineer - Public Sector (SLED)	Databricks	added
https://databricks.com/company/careers/open-positions/job?gh_jid=8434245002	2026-04-26	greenhouse-api	Sr. Specialist Solutions Engineer - Data Warehousing (Financial Services)	Databricks	added
https://databricks.com/company/careers/open-positions/job?gh_jid=8441890002	2026-04-26	greenhouse-api	Strategic AI/BI Account Executive	Databricks	added
https://databricks.com/company/careers/open-positions/job?gh_jid=8458710002	2026-04-26	greenhouse-api	Strategic Core Account Executive - Retail 	Databricks	added
https://databricks.com/company/careers/open-positions/job?gh_jid=8168293002	2026-04-26	greenhouse-api	Strategic Hunter Account Executive - Retail 	Databricks	added
https://databricks.com/company/careers/open-positions/job?gh_jid=8482037002	2026-04-26	greenhouse-api	Systems PhD - Software Engineer 	Databricks	added
https://www.qualtrics.com/careers/us/en/job/7251700?gh_jid=7251700	2026-04-26	greenhouse-api	Enterprise Account Executive - Retail, Travel, & Hospitality 	Qualtrics	added
https://www.qualtrics.com/careers/us/en/job/7818685?gh_jid=7818685	2026-04-26	greenhouse-api	Software Engineering Manager - Topics Core Platform	Qualtrics	added
https://job-boards.greenhouse.io/affirm/jobs/7528823003	2026-04-26	greenhouse-api	Director, Software Engineering	Affirm	added
https://job-boards.greenhouse.io/affirm/jobs/7705604003	2026-04-26	greenhouse-api	Director, Software Engineering (Loans Lifecycle)	Affirm	added
https://job-boards.greenhouse.io/affirm/jobs/7622383003	2026-04-26	greenhouse-api	Director, Software Engineering (Site Reliability Engineering)	Affirm	added
https://job-boards.greenhouse.io/affirm/jobs/7621292003	2026-04-26	greenhouse-api	IT Engineering Manager (Client Platform Engineering) 	Affirm	added
https://job-boards.greenhouse.io/affirm/jobs/7415865003	2026-04-26	greenhouse-api	Manager, Software Engineering (Continuous Integration)	Affirm	added
https://job-boards.greenhouse.io/affirm/jobs/7646757003	2026-04-26	greenhouse-api	Manager, Software Engineering (Fraud)	Affirm	added
https://job-boards.greenhouse.io/affirm/jobs/7622734003	2026-04-26	greenhouse-api	Product Manager II, Consumer Experiences	Affirm	added
https://job-boards.greenhouse.io/affirm/jobs/7671388003	2026-04-26	greenhouse-api	Senior CIAM Software Engineer	Affirm	added
https://job-boards.greenhouse.io/affirm/jobs/7550575003	2026-04-26	greenhouse-api	Senior Manager, Software Engineering (Data & Storage Services)	Affirm	added
https://job-boards.greenhouse.io/affirm/jobs/7599950003	2026-04-26	greenhouse-api	Senior Manager, Software Engineering (Lake Analytics Platform)	Affirm	added
https://job-boards.greenhouse.io/affirm/jobs/7705033003	2026-04-26	greenhouse-api	Senior Manager, Software Engineering (ML Platform)	Affirm	added
https://job-boards.greenhouse.io/affirm/jobs/7620527003	2026-04-26	greenhouse-api	Senior Product Manager, Card Experience	Affirm	added
https://job-boards.greenhouse.io/affirm/jobs/7694940003	2026-04-26	greenhouse-api	Senior Product Manager, Card Servicing	Affirm	added
https://job-boards.greenhouse.io/affirm/jobs/7605850003	2026-04-26	greenhouse-api	Senior Product Manager, Financial Reporting	Affirm	added
https://job-boards.greenhouse.io/affirm/jobs/7511993003	2026-04-26	greenhouse-api	Senior Software Engineer, Backend (Cloud Compute)	Affirm	added
https://job-boards.greenhouse.io/affirm/jobs/6642238003	2026-04-26	greenhouse-api	Senior Software Engineer, Backend (Comms Platform)	Affirm	added
https://job-boards.greenhouse.io/affirm/jobs/7611727003	2026-04-26	greenhouse-api	Senior Software Engineer, Back-end (Fraud)	Affirm	added
https://job-boards.greenhouse.io/affirm/jobs/7636416003	2026-04-26	greenhouse-api	Senior Software Engineer, Backend (Merchant Advocacy)	Affirm	added
https://job-boards.greenhouse.io/affirm/jobs/7651525003	2026-04-26	greenhouse-api	Senior Software Engineer, Backend (Merchant Data Platform EU)	Affirm	added
https://job-boards.greenhouse.io/affirm/jobs/7471141003	2026-04-26	greenhouse-api	Senior Software Engineer, Backend (Merchant Interfaces)	Affirm	added
https://job-boards.greenhouse.io/affirm/jobs/7594302003	2026-04-26	greenhouse-api	Senior Software Engineer, Backend (PMI Integrations)	Affirm	added
https://job-boards.greenhouse.io/affirm/jobs/7638237003	2026-04-26	greenhouse-api	Senior Software Engineer, Backend (Streaming Infrastructure)	Affirm	added
https://job-boards.greenhouse.io/affirm/jobs/7663436003	2026-04-26	greenhouse-api	Senior Software Engineer, Fullstack (Consumer Engineering)	Affirm	added
https://job-boards.greenhouse.io/affirm/jobs/6922636003	2026-04-26	greenhouse-api	Senior Software engineer (Furnishing Platform)	Affirm	added
https://job-boards.greenhouse.io/affirm/jobs/7710970003	2026-04-26	greenhouse-api	Software Engineer I, Back-end (Repayment Scheduling)	Affirm	added
https://job-boards.greenhouse.io/affirm/jobs/7597922003	2026-04-26	greenhouse-api	Software Engineer II, Backend (Credit Decisioning) 	Affirm	added
https://job-boards.greenhouse.io/affirm/jobs/7543978003	2026-04-26	greenhouse-api	Software Engineer II, Backend (Identity Decisioning)   	Affirm	added
https://job-boards.greenhouse.io/affirm/jobs/7694296003	2026-04-26	greenhouse-api	Software Engineer II (ML Feature Platform)	Affirm	added
https://stripe.com/jobs/search?gh_jid=7476555	2026-04-26	greenhouse-api	Backend Engineer, Developer Experience & Product Platform 	Stripe	added
https://stripe.com/jobs/search?gh_jid=7747640	2026-04-26	greenhouse-api	Forward Deployed AI Accelerator, Marketing	Stripe	added
https://stripe.com/jobs/search?gh_jid=7808471	2026-04-26	greenhouse-api	Software Engineer	Stripe	added
https://careers.toasttab.com/jobs?gh_jid=7716390	2026-04-26	greenhouse-api	Senior Product Manager	Toast	added
https://careers.toasttab.com/jobs?gh_jid=7623068	2026-04-26	greenhouse-api	Territory Account Executive, Retail - Austin: San Antonio (Spanish/Bilingual)	Toast	added
https://careers.toasttab.com/jobs?gh_jid=7826529	2026-04-26	greenhouse-api	Territory Account Executive, Retail - Dallas: Fort Worth	Toast	added
https://careers.toasttab.com/jobs?gh_jid=7705800	2026-04-26	greenhouse-api	Territory Account Executive, Retail - South Texas (Spanish/Bilingual)	Toast	added
https://databricks.com/company/careers/open-positions/job?gh_jid=7898766002	2026-04-26	greenhouse-api	Senior Software Engineer - Fullstack	Databricks	added
https://databricks.com/company/careers/open-positions/job?gh_jid=8239195002	2026-04-26	greenhouse-api	Senior Solutions Engineer	Databricks	added
https://databricks.com/company/careers/open-positions/job?gh_jid=8415130002	2026-04-26	greenhouse-api	Sr. Solutions Engineer	Databricks	added
https://careers.toasttab.com/jobs?gh_jid=7826547	2026-04-27	greenhouse-api	Territory Account Executive, Retail - Dallas: Fort Worth	Toast	added
https://careers.toasttab.com/jobs?gh_jid=7708046	2026-04-27	greenhouse-api	Territory Account Executive, Retail - South Texas (Spanish/Bilingual)	Toast	added
